"person","subgroup","i1","i2","i3","i4","i5","i6","i7","i8","i9","i10","i11","i12","i13","i14","i15","i16","i17","i18","i19","i20","i21","i22","i23","i24","i25","i26","i27","i28","i29","i30"
1,1,1,1,2,1,1,0,2,1,1,2,1,3,1,0,1,2,0,1,1,2,0,1,0,0,1,1,2,0,0,1
2,1,1,0,1,0,1,0,1,0,1,0,0,0,1,1,0,1,1,0,1,0,0,0,0,1,0,1,1,0,1,0
3,1,1,1,1,2,0,1,1,1,3,3,2,2,3,2,1,1,1,3,2,1,1,1,1,3,0,3,2,1,1,1
4,1,2,0,0,1,0,2,1,0,1,2,1,3,1,1,3,3,0,1,1,1,0,2,1,2,0,2,1,0,2,3
5,1,1,0,0,0,0,0,0,0,2,1,0,0,0,0,0,0,0,0,0,1,0,0,1,0,0,0,0,0,0,0
6,1,2,1,2,0,1,1,2,1,1,1,1,0,2,0,1,1,0,0,2,1,1,1,3,0,0,1,0,0,0,0
7,1,1,0,1,1,1,2,1,1,1,0,2,1,3,0,0,1,0,0,0,3,0,0,1,1,1,1,1,0,2,1
8,1,3,2,1,1,1,2,2,3,2,3,1,2,3,1,1,1,0,3,1,3,1,0,2,0,0,1,1,2,3,1
9,1,3,2,3,1,1,3,2,2,1,2,3,3,3,2,2,3,3,2,2,2,2,2,1,2,2,2,3,2,1,2
10,1,2,0,3,0,2,0,1,2,3,3,2,3,2,1,0,2,1,1,1,2,1,1,3,2,1,1,2,2,2,0
11,1,0,0,1,1,0,0,1,2,1,3,0,0,0,1,0,0,0,0,1,1,0,0,0,1,0,0,2,0,1,0
12,1,1,1,2,2,0,1,1,1,1,1,1,3,1,1,1,1,0,1,2,1,1,2,2,1,0,2,1,0,1,1
13,1,3,1,1,0,2,1,3,1,1,2,1,0,2,3,2,1,0,1,2,2,0,1,3,1,0,2,2,2,1,0
14,1,3,2,1,1,1,1,1,0,2,2,1,2,1,1,0,1,1,1,2,1,1,1,1,2,1,0,1,0,1,1
15,1,0,1,0,1,0,0,1,1,1,0,0,1,0,1,0,1,0,0,0,1,1,0,1,1,1,0,0,1,2,2
16,1,2,1,1,1,0,1,1,1,0,1,0,1,0,1,1,0,0,0,0,1,1,0,2,3,1,0,1,0,0,0
17,1,0,0,1,0,0,0,1,1,0,0,0,0,1,0,1,0,1,1,0,0,0,0,1,0,0,1,0,1,2,1
18,1,1,1,1,1,0,1,2,0,2,1,2,0,1,0,0,0,1,0,0,1,0,1,1,1,0,1,1,1,1,1
19,1,3,2,2,3,1,3,1,1,3,1,2,1,2,2,1,1,3,2,2,2,0,0,1,2,1,2,3,1,1,1
20,1,1,1,1,0,0,1,0,1,1,0,1,0,1,1,0,1,1,2,1,1,2,2,0,1,0,1,2,0,1,1
21,1,2,2,2,1,1,1,2,1,2,0,3,2,2,0,1,0,1,2,2,2,1,0,1,2,0,2,2,1,1,1
22,1,3,0,1,1,1,1,0,1,1,1,1,1,3,1,2,1,2,3,1,2,1,1,3,1,1,1,2,0,2,1
23,1,1,0,0,1,0,2,1,2,1,1,0,1,2,1,1,1,0,1,1,1,1,0,1,2,0,1,2,0,0,2
24,1,0,1,0,0,0,1,1,0,0,1,1,1,0,2,1,2,1,2,1,0,1,0,1,1,2,0,1,0,1,1
25,1,1,2,1,1,2,2,1,1,1,1,2,2,2,0,1,2,2,1,1,2,1,1,0,0,1,1,1,0,2,2
26,1,1,0,2,0,0,0,0,0,1,0,0,0,0,0,0,1,0,1,0,0,0,0,0,1,0,1,0,0,0,0
27,1,3,3,3,1,2,2,2,2,3,3,2,3,3,2,1,1,2,3,2,3,3,1,3,2,2,3,3,1,3,3
28,1,3,0,1,1,2,2,2,2,2,2,1,2,1,1,1,0,2,2,1,2,1,1,0,1,1,2,2,1,2,1
29,1,1,0,1,0,0,0,0,1,2,2,2,0,2,1,1,2,0,1,0,0,1,1,1,1,1,2,1,1,0,2
30,1,2,2,1,0,1,1,1,1,2,2,2,1,1,1,1,2,1,0,0,1,0,1,1,1,0,1,0,0,0,2
31,1,1,2,2,0,2,1,0,1,1,1,1,1,2,2,0,0,1,2,0,2,1,1,2,1,0,1,2,1,1,1
32,1,1,1,1,0,0,1,1,0,1,1,1,2,2,1,1,1,0,0,1,2,2,1,1,1,0,0,0,1,0,0
33,1,1,2,2,1,0,1,2,1,1,2,0,1,2,1,1,1,2,1,2,2,1,0,2,3,1,2,2,1,1,2
34,1,2,0,1,1,1,1,1,1,1,1,0,2,2,1,2,1,1,2,2,3,1,0,1,2,1,1,0,0,0,2
35,1,3,1,2,1,1,1,2,1,2,3,1,1,1,2,0,1,2,0,2,0,1,1,1,2,1,1,2,0,2,1
36,1,3,2,3,2,1,2,3,3,2,3,2,3,2,3,2,2,3,2,3,3,2,1,2,3,3,2,3,1,3,3
37,1,1,0,2,1,1,1,2,1,2,3,1,1,2,2,0,1,2,1,2,1,2,0,1,1,0,2,2,0,2,3
38,1,1,0,1,1,1,2,0,2,2,3,1,1,1,1,1,1,1,1,1,1,1,1,1,1,1,1,0,0,0,1
39,1,1,0,2,1,1,2,1,1,3,2,1,1,2,0,1,2,1,2,1,1,1,2,0,1,0,1,2,1,1,2
40,1,1,2,1,0,1,2,2,1,2,1,1,1,1,2,0,2,1,0,2,0,1,2,1,1,1,3,0,0,1,1
41,1,1,0,1,2,1,2,2,2,2,3,0,1,3,2,2,2,1,1,2,1,0,0,1,1,1,1,1,1,1,0
42,1,3,2,3,1,1,2,2,2,3,3,3,2,3,3,2,2,2,3,3,3,2,3,3,2,2,3,3,2,3,3
43,1,1,0,2,0,0,1,1,0,1,0,1,0,1,1,0,1,3,0,1,3,0,0,0,0,0,1,2,0,1,2
44,1,2,2,3,1,1,2,3,2,2,3,2,2,3,2,1,2,2,2,2,3,1,3,2,3,3,1,3,1,2,1
45,1,3,1,3,2,1,1,3,3,2,3,2,2,3,2,3,3,1,1,2,2,2,2,1,3,1,2,2,0,2,2
46,1,1,2,0,1,1,1,2,1,2,2,1,1,2,3,2,2,1,2,2,3,1,1,2,1,2,2,3,1,2,1
47,1,0,0,1,2,0,1,1,1,2,1,1,1,2,0,1,0,3,0,0,1,2,0,0,1,0,0,3,0,2,2
48,1,2,1,2,3,2,2,1,2,2,3,1,1,2,1,2,2,2,2,2,2,1,3,1,0,2,2,1,1,2,0
49,1,1,0,0,0,0,0,0,0,1,1,0,1,0,2,1,0,1,0,1,0,2,1,0,1,0,1,0,0,2,0
50,1,2,0,3,0,0,1,1,2,1,1,1,1,3,2,1,2,2,0,1,2,1,2,0,0,1,2,0,0,2,1
51,1,2,1,2,1,0,0,1,2,1,2,1,3,1,1,0,0,1,1,0,1,1,1,1,1,1,2,1,1,1,1
52,1,0,0,2,3,2,2,2,1,2,2,1,2,1,1,0,1,2,1,0,2,2,1,2,1,0,1,1,0,2,1
53,1,3,2,3,2,2,3,3,3,2,2,2,3,3,3,2,2,2,1,3,3,3,3,1,3,3,2,3,2,3,3
54,1,1,0,0,1,0,0,1,0,0,1,1,2,2,1,1,2,2,0,0,1,1,0,1,0,0,0,2,0,1,0
55,1,0,0,2,0,0,0,1,0,1,1,2,2,1,1,0,0,2,2,1,1,1,1,1,1,1,1,0,0,1,1
56,1,2,0,3,0,0,3,1,2,3,2,3,3,2,2,2,2,2,1,1,3,2,1,2,1,3,2,2,0,0,1
57,1,0,1,1,0,0,0,0,0,1,0,1,0,1,1,0,0,0,1,0,1,0,0,0,1,0,0,1,0,0,0
58,1,3,2,2,3,2,3,1,2,3,3,2,2,3,2,2,1,3,2,2,3,1,1,3,3,3,3,3,2,2,2
59,1,0,0,2,1,2,3,3,3,3,2,2,1,1,1,0,2,3,0,2,3,2,0,1,1,1,3,1,0,0,1
60,1,2,1,1,3,1,2,2,2,3,1,2,3,1,3,2,1,3,1,1,1,1,3,2,1,2,3,3,1,2,2
61,1,2,2,3,1,1,2,2,2,2,3,1,2,2,2,2,2,2,2,2,3,2,1,2,2,1,2,1,0,2,2
62,1,2,2,2,1,2,2,1,2,1,2,3,1,3,1,2,1,1,1,2,1,2,2,1,2,1,3,3,1,2,2
63,1,1,0,1,0,2,2,0,0,1,0,0,0,0,0,1,0,0,1,2,0,0,0,0,0,0,1,0,0,1,1
64,1,3,1,3,2,1,2,1,1,3,1,1,2,1,2,3,1,3,1,0,3,1,3,2,2,1,2,1,1,1,1
65,1,2,2,2,2,1,1,2,0,1,1,2,3,3,2,1,1,1,1,2,2,2,0,2,3,2,2,1,0,1,3
66,1,2,0,1,2,1,2,2,2,1,2,2,1,2,2,3,2,1,2,1,3,1,1,3,2,1,1,3,1,1,3
67,1,2,1,3,1,1,2,2,2,2,2,2,2,2,2,2,0,2,2,1,3,2,1,2,2,1,2,1,1,3,2
68,1,2,1,3,1,1,1,2,2,2,1,1,2,2,3,0,2,1,2,2,0,1,1,0,0,0,1,2,1,1,2
69,1,1,1,1,1,0,1,1,0,1,2,1,2,2,2,1,1,0,1,1,2,2,1,0,0,1,3,2,0,1,2
70,1,1,1,2,0,0,1,1,3,1,1,2,2,1,1,1,1,1,0,2,2,0,2,1,1,1,2,0,1,2,1
71,1,2,1,3,1,1,2,2,3,3,2,3,1,3,2,2,3,3,2,2,3,1,2,2,2,3,2,3,1,2,2
72,1,2,2,2,1,1,1,2,1,3,2,2,0,2,2,0,2,2,0,2,2,2,2,2,1,1,2,2,0,3,3
73,1,2,1,1,1,0,2,1,1,1,1,2,0,1,0,0,1,0,1,1,0,0,1,0,3,1,1,0,1,2,2
74,1,1,1,2,2,1,2,1,2,3,1,2,2,2,1,1,2,1,0,1,2,1,2,1,2,2,1,0,0,1,3
75,1,2,3,3,1,2,3,2,1,2,2,2,2,2,3,3,3,1,2,3,3,1,2,2,3,1,2,3,1,3,2
76,1,2,1,1,2,1,2,2,1,1,2,0,3,3,3,1,3,3,2,2,2,2,2,2,2,2,1,2,1,3,1
77,1,1,1,1,2,1,3,1,1,3,2,2,2,1,1,1,2,2,1,1,2,2,1,2,2,0,2,2,0,0,2
78,1,1,1,2,0,1,1,1,1,2,2,1,1,1,1,3,1,1,1,1,3,1,0,1,1,0,1,1,0,0,2
79,1,2,1,0,0,2,0,0,1,2,2,2,1,0,0,0,1,2,0,0,0,1,1,1,2,1,1,0,0,0,2
80,1,3,0,1,1,0,1,1,1,1,1,1,2,2,1,3,1,3,1,1,2,0,2,1,2,0,1,2,0,1,1
81,1,1,0,0,0,1,0,0,1,0,0,0,0,0,0,0,0,0,0,0,1,1,0,0,0,0,0,0,0,0,0
82,1,2,1,1,1,2,1,0,1,0,1,2,3,2,1,0,1,1,0,1,1,1,0,1,2,0,0,1,0,1,1
83,1,0,1,2,2,1,1,1,1,2,1,2,1,2,1,1,1,2,2,1,3,1,1,2,2,0,2,1,0,2,1
84,1,1,1,2,0,1,0,2,1,2,1,1,1,2,0,0,1,0,1,1,2,0,0,1,2,0,2,1,1,0,1
85,1,0,0,1,1,1,1,1,1,1,1,1,1,1,1,2,1,1,0,1,1,1,2,2,0,0,2,2,1,1,1
86,1,1,1,1,2,0,2,2,1,3,0,1,2,1,1,1,1,2,1,2,3,2,1,3,2,1,2,1,1,2,2
87,1,1,0,0,0,0,0,0,0,0,0,0,1,0,0,0,0,0,0,0,0,1,0,0,0,0,0,0,0,0,0
88,1,1,0,0,0,0,0,1,1,0,0,0,0,2,0,2,1,3,0,0,1,1,1,2,1,0,1,1,0,1,0
89,1,0,1,0,0,0,0,0,1,2,2,0,2,1,1,1,1,1,0,0,2,1,0,0,0,0,0,1,0,1,0
90,1,1,1,2,2,0,1,2,2,2,1,2,1,0,2,0,0,2,0,2,2,1,0,1,0,0,1,2,0,1,0
91,1,2,1,1,0,0,1,0,2,0,2,2,1,2,2,0,0,2,0,1,2,3,1,2,2,0,0,2,0,1,1
92,1,1,2,1,1,0,1,1,2,1,1,1,0,1,0,0,1,1,1,2,1,0,1,0,2,0,1,2,0,2,1
93,1,0,1,1,0,2,1,0,1,1,0,0,0,1,2,1,1,1,1,1,1,1,0,0,2,1,2,1,0,1,0
94,1,3,3,2,1,1,2,2,2,3,0,2,2,2,2,1,1,2,1,2,3,2,3,1,2,2,3,3,0,2,3
95,1,2,0,1,1,1,2,1,3,2,2,2,3,2,2,1,1,1,0,2,2,1,1,2,2,2,2,1,1,2,2
96,1,1,1,2,1,2,1,2,1,2,2,1,2,0,1,0,1,1,3,2,3,0,1,1,1,0,2,1,2,2,0
97,1,2,0,1,0,0,0,0,1,1,2,1,1,2,0,0,0,1,0,1,1,1,2,0,1,1,1,2,1,2,0
98,1,0,1,1,1,0,1,0,0,0,1,1,1,1,1,1,0,1,0,1,0,0,0,1,0,0,0,1,0,1,0
99,1,1,1,3,2,0,2,1,1,2,3,2,2,1,2,1,1,3,0,1,2,3,1,0,3,1,2,1,1,0,0
100,1,3,1,1,0,0,0,2,2,2,2,1,1,2,0,1,1,0,1,0,1,0,0,1,2,0,2,2,1,2,2
101,1,3,1,3,2,1,3,3,1,3,3,2,1,3,3,2,2,2,2,1,1,2,2,1,2,1,3,2,2,3,3
102,1,3,1,2,2,2,1,1,2,2,2,1,1,3,3,1,0,3,1,1,3,1,3,2,3,1,2,2,2,3,1
103,1,2,2,1,3,3,0,3,2,3,2,3,3,3,3,2,1,2,3,3,2,2,2,2,3,2,2,2,2,2,3
104,1,0,2,2,0,1,2,1,1,3,1,0,1,1,1,0,1,0,1,0,0,0,1,0,3,1,0,1,0,1,0
105,1,3,1,2,1,2,1,2,2,2,1,2,2,2,1,2,0,2,1,2,1,1,0,2,2,1,1,1,1,2,3
106,1,3,2,1,2,1,3,3,2,3,3,2,2,2,3,1,3,2,2,2,3,2,1,2,2,1,3,3,2,2,3
107,1,2,1,1,1,3,0,2,1,2,2,1,3,2,3,0,1,2,0,3,2,2,1,3,2,2,1,1,1,2,2
108,1,2,2,1,1,1,1,2,1,3,2,1,2,2,1,0,0,1,1,1,2,2,0,2,2,1,2,1,0,2,1
109,1,1,2,2,0,0,1,1,1,2,2,1,2,1,2,0,1,2,1,2,2,1,2,2,1,0,1,3,0,1,1
110,1,1,0,1,0,0,1,1,1,0,0,2,0,1,0,0,0,2,0,0,1,0,0,1,0,0,0,1,0,1,1
111,1,0,0,1,1,0,0,0,1,0,1,1,0,0,1,0,0,0,0,0,1,0,0,0,0,0,1,0,0,0,0
112,1,0,0,1,0,0,1,0,0,2,2,0,0,2,0,0,0,0,0,0,2,0,0,1,0,1,1,1,0,0,1
113,1,2,1,1,1,0,1,2,1,0,1,1,1,2,1,0,0,0,1,2,1,1,0,0,1,2,0,0,2,1,1
114,1,2,1,1,2,1,2,2,2,2,3,2,2,3,3,2,3,2,1,2,2,2,1,2,2,2,2,3,1,2,2
115,1,1,0,0,0,0,1,0,1,1,1,2,1,1,1,0,1,1,0,0,2,1,2,1,1,0,0,0,0,0,0
116,1,2,1,2,1,1,2,1,2,1,2,1,1,1,1,1,1,3,2,1,2,1,2,1,2,0,2,2,1,2,2
117,1,1,1,2,2,0,2,1,3,2,1,1,2,0,1,1,1,0,3,0,3,1,1,1,1,1,2,2,1,1,1
118,1,3,1,2,1,1,1,1,2,2,2,1,2,1,1,2,3,1,1,3,2,1,2,1,1,0,1,2,1,3,1
119,1,2,0,2,1,0,0,2,1,0,1,0,1,1,1,0,1,2,0,0,2,0,1,0,1,1,2,0,0,2,0
120,1,0,0,1,1,1,2,0,0,2,0,0,0,0,0,1,0,0,0,1,0,2,1,2,2,0,2,1,0,0,0
121,1,0,2,2,0,0,1,1,1,3,1,3,3,3,1,1,1,2,1,1,2,3,2,1,2,1,2,2,0,0,1
122,1,0,1,0,0,1,0,1,1,2,3,1,1,1,1,0,0,1,2,1,3,1,0,0,1,0,0,0,0,1,1
123,1,1,0,1,0,1,1,2,0,2,2,1,1,1,1,1,2,2,0,0,2,1,0,0,2,0,1,2,0,0,1
124,1,2,0,0,0,0,0,0,1,0,0,0,0,0,0,0,0,1,0,1,0,1,2,0,3,0,1,1,1,0,0
125,1,2,1,0,0,0,0,0,1,0,2,0,0,2,1,0,0,1,1,1,0,0,1,1,1,1,0,0,0,1,0
126,1,2,1,1,1,0,2,2,3,1,3,1,2,2,2,2,1,0,1,3,2,1,2,2,2,2,2,2,1,2,2
127,1,1,2,1,1,0,1,0,2,2,3,1,0,2,1,0,0,1,1,1,2,1,0,1,1,2,1,1,0,0,1
128,1,3,3,3,2,3,3,2,2,3,3,3,3,2,2,2,3,3,3,3,3,1,2,3,1,2,3,3,2,3,2
129,1,1,1,1,2,1,1,0,2,2,2,0,1,1,1,1,0,1,1,1,3,3,1,0,2,1,1,1,1,1,0
130,1,0,0,2,0,0,1,1,0,0,0,1,1,1,0,0,0,0,1,0,1,1,0,1,0,1,0,2,0,0,0
131,1,0,1,1,0,1,1,0,1,1,1,1,1,1,0,1,1,0,1,1,0,0,1,1,1,0,0,0,0,1,1
132,1,1,1,2,1,3,1,0,3,2,1,2,2,3,2,1,1,1,2,2,2,1,1,2,0,2,1,1,0,3,1
133,1,2,1,2,2,3,2,1,2,2,2,2,1,3,2,0,1,2,2,2,2,2,1,2,3,0,3,2,1,2,2
134,1,2,0,1,1,2,1,1,1,1,2,2,2,0,1,1,2,2,1,2,2,2,2,1,2,0,1,2,0,2,1
135,1,2,1,1,1,0,2,2,2,2,2,1,2,2,1,1,2,2,2,2,1,1,1,1,1,1,2,0,1,1,1
136,1,2,0,1,1,1,1,0,2,2,3,2,3,2,1,2,2,1,1,1,1,1,3,0,2,0,1,2,2,1,1
137,1,2,0,1,2,1,0,1,1,1,2,2,1,1,1,0,3,2,0,1,2,1,1,1,2,0,1,1,0,1,2
138,1,1,1,3,1,1,0,1,0,1,2,1,2,1,2,0,1,2,1,1,1,0,0,1,1,1,1,1,0,0,2
139,1,3,1,3,2,1,1,2,1,2,3,3,3,2,1,3,2,1,3,2,3,0,2,1,2,1,3,3,2,3,3
140,1,1,1,3,0,1,2,2,2,2,2,0,2,2,1,2,2,3,2,1,2,2,1,1,3,1,1,3,0,1,1
141,1,0,0,0,0,0,0,1,0,1,1,0,0,1,1,0,0,1,0,1,0,0,0,1,1,2,0,1,0,0,1
142,1,1,0,1,0,0,0,1,1,0,0,0,1,1,0,0,1,0,0,0,2,0,0,2,1,0,1,0,0,0,1
143,1,2,1,2,1,0,2,2,2,1,2,1,2,1,0,1,2,1,0,2,2,0,0,2,1,1,1,1,0,1,2
144,1,3,2,2,2,1,2,2,2,3,2,1,1,2,3,2,1,2,1,1,2,0,1,2,2,1,2,2,0,1,2
145,1,3,1,1,1,2,1,1,2,2,2,2,3,1,1,0,0,2,2,3,2,3,2,1,2,0,1,3,1,2,2
146,1,3,3,3,2,1,3,2,3,3,2,3,2,2,3,2,2,2,1,1,3,1,1,3,2,1,3,3,2,3,1
147,1,1,0,0,0,2,0,0,1,1,1,3,0,1,1,0,2,0,0,0,1,0,0,0,0,0,0,1,0,0,1
148,1,0,0,1,1,0,1,2,1,1,2,0,2,1,0,2,0,0,2,1,1,0,0,1,1,1,1,1,0,2,0
149,1,1,1,2,1,0,1,1,1,2,3,1,2,0,1,0,1,1,2,0,1,2,1,1,2,0,2,2,0,3,0
150,1,1,0,3,1,0,0,1,1,0,2,1,3,3,1,1,1,1,2,0,1,0,0,1,1,2,1,1,1,1,0
151,1,2,1,0,0,2,1,1,1,2,3,2,1,2,1,1,1,1,0,2,2,1,1,1,2,1,1,3,0,1,2
152,1,2,2,1,1,0,2,2,2,2,2,2,2,2,1,2,1,2,1,1,3,1,1,1,2,0,1,2,1,2,2
153,1,2,1,3,2,2,3,3,2,2,3,2,2,3,3,1,3,3,3,2,3,2,3,1,3,2,2,3,0,3,2
154,1,1,2,1,2,0,1,1,0,2,2,0,2,0,1,0,0,2,1,2,3,1,1,3,1,0,1,1,1,1,1
155,1,1,2,2,1,1,3,1,3,1,2,3,3,2,2,1,3,1,1,2,1,2,3,3,0,1,1,2,0,1,3
156,1,0,1,2,1,0,1,1,1,3,1,1,1,1,1,2,2,2,0,2,2,1,2,0,0,1,3,1,0,2,1
157,1,2,1,2,1,3,2,1,1,1,2,2,1,2,0,1,2,1,2,1,3,2,1,2,2,1,1,2,0,2,1
158,1,2,2,2,1,2,1,3,3,2,3,2,3,2,1,0,1,2,2,2,3,1,2,2,3,2,2,3,2,2,2
159,1,2,1,3,3,1,3,2,2,2,2,2,2,2,2,1,2,1,2,1,2,2,1,1,3,1,0,2,2,2,1
160,1,1,3,2,0,1,2,2,1,2,2,1,1,1,2,1,1,1,1,2,1,3,1,1,2,1,1,1,0,3,2
161,1,2,2,2,0,2,2,3,3,0,1,3,1,2,2,2,2,3,2,1,3,2,2,1,1,1,2,3,2,3,1
162,1,1,2,2,2,0,1,1,1,2,2,2,2,2,1,1,1,2,0,2,2,2,2,1,3,1,1,3,1,1,2
163,1,2,1,1,0,0,2,1,2,1,2,0,2,2,2,2,2,2,0,2,2,1,2,2,3,2,1,0,0,2,1
164,1,0,1,2,0,0,1,2,1,2,1,1,2,3,0,0,1,0,2,1,2,0,1,0,1,2,0,1,1,1,2
165,1,0,1,1,1,0,2,2,0,2,1,1,3,3,1,1,1,2,1,2,1,2,0,2,1,1,2,2,1,2,1
166,1,1,1,0,0,0,3,2,1,1,0,2,0,1,1,1,1,2,0,1,2,1,1,0,1,0,1,1,0,1,0
167,1,1,2,2,1,1,3,1,2,2,3,3,1,1,2,2,2,1,1,2,2,2,2,2,2,0,2,1,1,2,1
168,1,0,3,2,1,0,0,2,3,2,3,0,1,3,3,1,1,1,1,2,3,0,1,1,3,0,1,2,1,2,2
169,1,2,1,1,1,0,2,2,2,1,2,2,1,3,1,1,2,2,1,2,3,0,1,2,2,2,2,2,2,1,1
170,1,1,0,0,1,0,0,1,1,0,1,1,1,1,0,1,0,0,0,1,1,0,1,2,1,1,0,1,0,0,1
171,1,3,1,3,1,1,2,1,1,2,2,3,3,3,1,2,0,2,2,3,2,2,2,2,3,1,1,0,1,1,2
172,1,3,1,3,1,1,3,2,1,3,2,0,2,2,3,1,1,0,2,2,2,1,3,3,2,0,1,3,0,2,2
173,1,3,1,3,2,1,2,2,1,3,2,1,3,1,1,2,1,1,1,3,2,1,1,2,2,1,3,3,0,2,1
174,1,2,0,0,1,0,1,1,2,2,1,2,2,2,1,1,2,2,0,2,0,1,0,1,1,0,0,2,0,1,1
175,1,2,2,1,0,1,2,1,1,2,1,2,1,2,0,0,1,1,1,1,1,2,0,1,2,0,0,2,1,2,1
176,2,2,3,2,2,2,3,2,2,1,3,1,3,3,1,3,2,2,1,3,2,3,3,3,1,2,2,2,1,2,0
177,2,3,1,3,2,2,2,2,1,1,2,3,2,2,1,1,3,2,1,3,3,2,2,1,3,1,3,2,3,3,2
178,2,3,1,1,2,3,2,3,3,3,3,3,2,1,2,2,2,3,3,2,1,3,3,3,3,3,3,2,2,2,3
179,2,2,1,0,2,1,1,3,1,1,1,0,1,2,1,1,1,1,1,0,2,1,1,2,0,0,2,1,0,0,0
180,2,3,3,2,3,1,3,2,3,2,2,3,3,2,2,2,2,2,2,3,3,3,2,3,3,1,2,3,1,3,1
181,2,3,2,3,2,2,1,1,2,0,2,2,1,3,1,2,1,2,1,2,2,2,2,1,1,2,3,2,0,1,2
182,2,1,2,3,1,1,1,2,3,3,2,2,2,2,2,1,2,3,1,1,2,2,1,3,2,2,2,2,0,2,3
183,2,2,3,2,1,1,1,2,1,2,3,2,2,2,1,1,3,1,1,3,1,1,2,3,3,1,3,2,1,2,1
184,2,1,1,1,1,1,2,2,1,0,2,2,3,2,2,1,1,1,0,1,3,1,2,0,0,1,0,0,1,0,1
185,2,3,2,3,2,3,2,2,3,2,3,3,2,3,2,3,2,3,3,2,3,2,3,3,3,3,3,2,3,3,2
186,2,3,3,3,3,1,2,1,2,2,3,2,2,3,3,1,1,2,2,3,2,2,1,1,2,1,2,2,2,2,1
187,2,2,0,2,0,0,2,1,0,0,2,0,1,1,0,1,1,2,1,1,2,0,0,2,1,0,0,1,1,0,3
188,2,3,3,3,3,3,3,3,3,3,3,2,3,3,3,3,3,2,2,3,3,3,3,1,2,2,3,3,1,3,1
189,2,3,2,3,2,1,3,3,3,3,2,2,3,2,2,2,1,3,2,3,2,1,2,2,3,3,2,3,3,3,2
190,2,3,2,2,1,1,3,3,1,3,1,2,1,3,2,2,1,2,1,2,3,2,2,3,3,1,1,3,1,2,2
191,2,2,2,3,2,0,3,2,3,2,3,1,2,2,1,1,2,2,0,1,2,1,3,2,2,1,3,1,0,2,2
192,2,2,2,3,2,2,2,1,2,2,2,2,2,2,2,1,1,2,1,1,3,1,2,2,2,2,2,3,0,2,2
193,2,3,2,2,3,1,3,2,3,2,2,3,2,2,2,2,2,3,3,3,2,3,2,3,3,2,3,3,1,3,1
194,2,2,3,3,3,2,3,3,3,3,3,3,3,3,3,3,3,3,2,3,3,3,3,3,3,3,3,3,1,3,3
195,2,0,0,3,2,0,0,2,2,1,2,3,0,1,1,2,1,1,3,2,1,1,2,1,2,0,2,3,2,2,1
196,2,2,0,1,2,1,1,3,2,2,2,3,2,3,2,1,2,2,1,1,3,3,2,2,2,0,2,1,1,2,1
197,2,1,1,3,3,3,2,3,3,3,3,3,2,3,3,2,3,2,2,2,2,2,1,3,3,2,2,3,1,2,2
198,2,2,2,2,1,1,2,1,2,3,3,3,2,3,2,1,2,2,2,2,2,1,2,2,1,1,2,3,1,2,2
199,2,3,2,3,1,2,2,3,2,2,3,3,2,2,2,1,2,2,3,3,3,2,2,2,2,2,1,3,2,3,3
200,2,2,1,3,0,2,3,2,2,3,1,0,1,1,1,1,1,1,1,1,1,0,2,3,1,0,1,1,0,0,0
201,2,2,2,3,1,1,3,2,3,2,2,2,1,2,2,1,2,1,3,2,1,2,2,1,2,1,2,2,1,1,3
202,2,3,2,3,3,3,2,2,2,3,2,2,2,3,3,3,2,2,2,2,3,3,3,3,2,2,2,3,2,2,3
203,2,3,3,2,3,2,3,3,1,2,2,3,3,3,3,1,1,2,1,3,2,2,1,2,3,3,2,3,1,3,1
204,2,2,1,2,2,1,1,1,1,3,1,2,1,2,2,0,1,2,2,1,3,2,0,1,2,0,2,1,0,1,3
205,2,3,2,3,3,3,3,3,2,3,2,3,3,3,3,2,2,3,2,3,2,3,3,3,3,2,2,3,3,2,3
206,2,3,1,3,2,3,3,2,2,3,3,3,2,2,3,2,3,3,3,3,2,1,3,2,2,2,3,3,2,1,2
207,2,1,0,3,1,1,1,1,2,2,2,0,2,1,2,2,1,1,0,2,3,2,0,1,1,2,0,2,0,0,2
208,2,3,1,2,2,1,3,1,1,3,3,3,2,3,1,1,1,1,2,1,3,2,2,1,3,1,2,1,0,2,2
209,2,3,2,3,2,3,2,2,3,3,3,2,3,2,3,3,2,3,3,3,3,2,3,3,2,1,2,3,2,3,2
210,2,1,1,2,1,1,2,1,1,2,0,2,2,1,1,1,2,1,2,1,2,0,0,2,2,0,2,2,0,0,1
211,2,2,2,2,1,1,3,2,2,0,2,1,2,2,1,2,2,3,2,2,3,2,2,1,1,2,3,2,1,2,2
212,2,3,2,3,2,2,3,0,2,3,2,3,2,1,2,3,2,3,3,1,2,1,2,3,2,2,2,2,0,3,2
213,2,3,2,3,2,1,3,3,2,3,2,3,3,3,3,3,3,2,2,3,1,2,2,3,3,3,3,2,1,2,2
214,2,2,3,3,3,2,3,2,2,3,2,3,2,2,2,2,2,1,2,3,3,2,1,1,2,2,2,2,2,2,3
215,2,3,3,1,2,2,2,2,3,2,2,3,3,2,3,3,2,2,3,3,3,1,1,3,2,2,2,2,0,2,3
216,2,3,2,3,1,2,2,3,3,3,1,3,3,2,2,0,2,1,2,1,2,2,2,2,1,1,2,1,0,2,2
217,2,2,2,2,0,2,2,3,2,1,1,2,3,3,1,2,2,1,1,0,2,0,1,2,1,0,1,3,1,1,1
218,2,3,2,3,3,1,2,2,1,2,2,3,2,2,3,2,1,3,1,2,1,2,2,1,2,0,2,1,1,2,2
219,2,2,2,1,1,2,2,1,1,1,3,2,3,1,1,1,2,2,1,3,3,2,2,1,3,2,2,2,1,3,2
220,2,3,3,2,2,2,3,3,2,2,2,3,3,2,3,3,2,3,2,3,3,3,2,2,3,2,3,2,1,2,3
221,2,3,3,3,3,3,2,3,3,3,3,3,3,3,3,3,2,3,3,3,3,3,3,3,3,3,3,3,3,3,3
222,2,2,1,3,2,1,1,2,2,3,1,2,2,2,2,2,2,2,0,3,2,1,3,1,2,2,1,1,0,1,0
223,2,3,3,3,0,2,1,3,2,1,3,2,2,2,3,2,2,3,2,2,3,2,3,3,2,3,1,2,0,2,1
224,2,3,2,3,2,2,2,3,3,2,3,3,3,2,3,2,3,3,2,2,2,3,2,2,3,2,3,3,2,2,3
225,2,3,3,2,2,3,3,3,2,3,3,3,3,3,3,3,3,2,3,2,2,3,3,2,3,3,3,3,2,2,2
226,2,3,2,2,1,2,3,2,3,3,2,3,2,3,2,1,1,3,1,3,2,2,1,2,2,2,2,1,1,2,2
227,2,2,1,3,0,1,1,1,1,2,1,2,3,2,1,1,0,2,2,3,3,1,0,2,1,1,3,2,0,0,2
228,2,2,1,1,1,2,1,2,1,2,1,1,0,1,2,0,1,0,1,0,1,0,3,2,1,0,1,1,1,2,1
229,2,1,2,2,0,1,2,1,2,3,2,1,3,2,1,1,0,0,0,2,3,2,1,3,2,0,2,1,1,3,1
230,2,3,1,3,2,2,2,3,3,2,3,2,3,2,3,2,2,2,3,1,2,2,3,2,3,2,3,3,2,3,1
231,2,3,3,3,2,3,3,3,3,3,3,3,1,3,2,2,1,3,3,3,3,2,3,3,3,2,3,2,0,1,3
232,2,3,3,3,3,2,2,3,3,3,3,3,2,3,2,3,3,3,2,3,3,1,3,2,2,3,3,3,3,3,3
233,2,2,1,1,1,1,1,1,1,1,1,2,2,2,3,0,1,0,1,2,1,2,1,1,3,2,2,0,2,1,1
234,2,2,0,0,2,0,1,2,1,3,1,2,3,2,2,2,2,1,0,3,3,1,1,1,3,0,1,2,1,1,1
235,2,3,2,1,2,1,2,1,2,2,2,3,2,2,2,2,1,2,1,3,2,1,2,3,3,3,1,3,1,2,1
236,2,1,0,2,1,1,0,1,1,2,2,2,0,1,0,0,1,1,1,2,1,0,1,0,1,1,1,2,0,2,2
237,2,3,3,3,2,2,2,2,3,2,3,3,3,3,2,3,3,2,2,3,2,3,1,2,3,1,2,3,1,3,1
238,2,3,3,3,1,1,3,2,3,3,3,2,3,2,2,1,3,1,2,3,3,3,1,2,3,3,2,3,2,3,2
239,2,2,2,3,2,1,3,1,2,3,2,2,1,2,2,3,1,1,2,2,3,1,2,1,1,2,2,3,2,3,2
240,2,2,1,2,2,2,2,3,2,3,2,2,2,3,1,2,2,2,3,3,1,2,2,2,2,0,3,1,0,1,3
241,2,2,1,2,2,2,2,1,1,2,2,2,3,2,2,2,0,0,2,2,3,2,2,3,3,1,2,1,1,2,3
242,2,1,0,1,1,1,2,1,1,2,2,1,2,2,2,0,1,1,2,2,1,2,0,0,2,1,1,2,0,1,2
243,2,3,2,2,1,2,1,1,3,3,3,3,2,2,3,1,2,3,2,2,3,3,1,2,3,2,1,2,2,3,2
244,2,3,3,3,2,3,3,3,1,3,3,2,3,3,3,3,3,3,3,3,2,3,3,2,2,3,3,3,2,3,3
245,2,3,3,3,1,1,3,2,2,2,3,3,2,2,2,2,3,3,2,3,2,2,2,1,3,3,2,3,2,1,2
246,2,2,2,2,2,2,3,3,2,3,2,3,3,1,2,1,1,3,0,3,3,1,3,2,3,1,2,3,1,3,2
247,2,2,1,1,0,1,2,1,1,2,2,1,0,1,1,1,0,3,0,0,2,2,1,2,1,0,2,0,0,2,1
248,2,3,1,3,2,1,2,2,2,2,1,2,0,3,3,2,1,1,2,2,2,1,3,1,2,1,1,2,2,3,2
249,2,3,2,1,3,3,3,3,2,3,3,2,1,3,2,1,3,1,1,2,3,2,3,2,3,2,2,2,1,3,3
250,2,2,1,0,0,1,1,1,0,1,1,2,2,0,0,1,3,0,1,2,1,0,1,0,1,1,0,1,0,2,1
251,2,3,2,2,2,2,3,3,3,2,2,2,2,3,3,2,2,2,1,1,3,2,0,2,3,1,3,2,1,2,3
252,2,3,2,3,2,3,2,2,2,3,2,3,2,3,3,2,3,2,3,3,3,3,2,3,3,3,3,3,2,3,2
253,2,3,2,2,3,2,2,2,1,3,2,2,3,2,3,1,3,2,2,2,3,2,3,2,3,3,1,2,1,3,2
254,2,3,3,3,2,2,3,2,3,3,3,2,3,3,3,2,3,3,3,2,3,2,2,3,3,2,3,2,2,2,2
255,2,3,1,1,0,2,2,2,3,2,3,2,2,2,0,1,3,2,1,3,2,2,1,3,2,0,2,1,0,2,1
256,2,1,3,1,1,0,2,2,1,2,2,1,3,3,2,1,3,1,1,3,1,3,1,1,1,2,2,2,1,3,1
257,2,1,2,2,0,0,2,1,2,1,0,1,1,2,2,0,1,2,0,2,2,0,2,2,2,0,0,2,1,1,2
258,2,3,1,2,2,1,2,2,2,2,2,2,2,3,3,2,2,2,1,1,1,2,1,2,2,2,0,2,1,2,1
259,2,3,1,3,2,1,2,2,1,2,3,2,3,2,2,2,1,1,2,2,2,3,1,2,2,1,2,1,2,2,2
260,2,3,1,3,3,1,2,2,2,3,2,1,3,3,2,1,1,3,0,3,3,1,2,2,3,1,3,2,3,2,3
261,2,2,2,3,1,0,1,0,1,2,2,2,2,3,1,0,3,2,1,2,3,2,2,3,1,1,2,1,2,1,2
262,2,3,3,3,3,2,3,3,1,3,3,2,3,3,3,3,3,3,3,3,3,3,3,3,3,3,3,3,3,3,3
263,2,3,3,2,3,2,3,2,3,3,3,2,3,3,2,3,3,1,3,2,3,2,3,2,3,2,2,3,3,3,3
264,2,2,1,2,2,2,2,0,1,1,0,1,1,1,2,2,0,2,2,1,2,1,2,1,1,1,2,1,0,1,1
265,2,0,1,0,0,2,1,0,1,1,1,0,1,2,0,1,1,0,0,0,1,0,1,2,0,1,0,1,0,0,1
266,2,3,1,3,2,3,3,1,3,2,3,3,3,3,2,2,2,3,2,3,3,1,3,3,2,1,3,3,1,3,2
267,2,3,2,2,3,0,3,1,2,2,2,2,1,2,2,1,2,0,2,0,2,0,2,1,3,1,2,3,1,2,2
268,2,3,3,3,3,3,2,3,3,3,3,3,3,2,3,3,2,2,2,3,3,3,2,2,3,3,3,3,1,2,3
269,2,2,1,1,0,3,2,2,1,3,3,2,2,3,3,1,1,0,2,2,3,1,2,2,2,3,1,3,0,2,1
270,2,3,2,3,2,1,2,3,2,2,3,3,3,3,3,1,1,2,3,3,1,2,2,1,3,2,3,2,2,2,3
271,2,3,3,1,2,2,2,3,2,3,2,2,1,3,2,2,2,3,1,2,2,2,2,3,3,1,3,3,0,1,1
272,2,2,1,2,2,1,1,2,2,1,2,3,1,0,0,2,1,1,2,1,2,1,1,3,1,0,2,3,2,2,3
273,2,2,1,2,0,2,1,3,1,1,2,1,2,2,2,2,2,2,1,1,0,1,1,2,0,2,3,0,1,2,2
274,2,1,1,1,1,0,1,2,1,3,2,2,2,1,2,2,2,1,2,1,1,1,2,1,2,1,2,1,0,2,1
275,2,3,3,1,2,0,1,2,2,2,1,2,3,3,3,0,2,2,2,1,3,1,1,1,2,2,2,2,1,2,1
276,2,3,1,1,2,1,2,2,1,1,3,1,0,2,1,0,0,0,2,1,3,2,0,1,2,2,1,1,1,2,2
277,2,1,2,2,2,2,1,2,2,2,1,2,2,2,3,2,2,2,2,2,3,1,2,2,3,3,2,2,0,1,1
278,2,3,1,2,1,1,1,3,3,2,1,3,2,1,2,2,3,2,2,2,3,1,1,3,1,2,3,2,0,2,1
279,2,3,2,3,2,1,3,3,3,3,3,3,3,3,2,2,2,2,3,3,3,3,3,3,3,3,2,3,1,3,3
280,2,2,1,2,2,1,0,2,1,1,2,2,2,3,1,1,1,1,2,2,1,2,2,3,3,1,3,2,1,2,2
281,2,2,1,2,2,1,2,1,2,3,2,2,2,2,1,2,2,1,2,3,3,1,1,1,3,1,1,2,2,2,2
282,2,2,1,3,1,3,2,1,3,2,3,2,2,3,2,3,2,2,2,3,3,1,2,3,2,2,3,3,1,2,2
283,2,1,1,1,2,1,0,1,3,3,2,2,3,3,2,1,3,2,2,2,1,3,2,2,2,0,1,2,1,2,1
284,2,2,1,3,1,2,3,2,2,2,3,2,3,2,3,3,3,3,3,3,1,1,2,1,3,1,1,1,2,2,2
285,2,1,1,1,2,0,1,2,1,1,0,0,0,2,0,1,3,0,1,0,1,1,1,0,1,0,2,1,2,0,1
286,2,3,1,3,2,3,3,2,2,2,3,3,3,3,2,2,3,2,2,2,3,3,3,2,2,2,3,3,0,2,3
287,2,1,2,3,2,1,2,2,1,2,1,3,2,2,0,2,1,3,1,2,2,2,2,1,2,1,2,1,2,2,2
288,2,3,3,3,3,3,3,3,3,3,3,3,3,3,3,3,3,3,3,3,3,2,2,3,3,3,3,3,0,3,3
289,2,2,2,2,0,2,1,3,2,3,3,1,3,3,2,2,2,2,1,1,2,1,2,3,3,2,2,1,2,2,2
290,2,3,2,3,2,2,2,2,1,2,2,2,3,3,3,3,3,3,1,1,3,3,1,2,2,2,2,3,2,2,2
291,2,3,2,3,2,2,2,3,3,1,2,2,3,3,2,3,3,3,3,3,2,2,3,2,3,3,2,2,2,3,3
292,2,3,2,3,3,2,3,1,2,3,3,3,2,2,2,3,2,1,2,3,2,2,3,2,3,2,1,2,2,2,2
293,2,3,3,2,2,2,2,2,2,2,2,3,2,3,1,1,3,3,2,2,2,3,2,1,1,2,3,2,2,2,1
294,2,3,3,3,2,2,2,2,2,3,2,3,2,3,2,2,3,2,3,3,3,3,2,2,3,3,2,3,2,3,2
295,2,3,1,2,3,2,3,2,3,3,2,2,3,3,3,2,2,3,1,2,2,2,1,1,2,1,2,3,1,2,2
296,2,3,2,0,2,1,3,2,2,2,2,2,2,3,1,3,2,2,2,2,3,2,1,2,1,1,2,2,1,2,2
297,2,3,1,2,2,0,2,1,2,1,2,1,2,1,1,1,2,1,1,2,3,2,0,1,1,3,1,2,2,3,1
298,2,1,1,2,1,2,1,2,1,2,3,1,2,1,3,1,0,1,2,0,3,0,2,1,1,3,1,3,0,1,0
299,2,2,1,3,1,1,3,2,2,2,2,2,2,3,2,1,2,2,1,2,3,1,2,3,3,0,2,3,1,2,1
300,2,2,2,3,1,1,2,2,2,2,2,2,1,1,2,1,1,2,1,2,2,1,1,0,0,0,2,2,1,2,1
301,2,2,0,1,1,0,2,0,1,2,2,2,1,0,1,2,0,2,2,2,2,1,1,2,2,0,3,2,1,2,0
302,2,1,2,3,2,2,2,3,3,2,3,2,2,2,2,0,2,1,1,2,3,1,2,3,2,0,2,0,3,2,2
303,2,2,3,3,2,1,3,2,3,3,3,3,3,2,3,3,3,3,2,3,2,3,3,3,3,2,2,3,2,2,2
304,2,2,2,2,1,2,3,1,2,3,2,1,2,2,2,3,3,2,3,2,3,2,3,2,2,3,2,3,2,3,2
305,2,3,2,3,2,2,1,3,3,2,2,3,3,3,3,2,2,2,2,3,3,2,3,3,3,2,3,3,3,2,3
306,2,3,2,3,2,1,2,2,3,2,3,1,2,1,3,1,2,2,1,2,3,2,1,2,2,3,1,2,1,3,1
307,2,2,2,1,0,3,1,2,3,2,2,2,3,2,2,1,2,3,2,2,1,2,2,2,2,3,2,3,1,3,2
308,2,3,3,3,3,3,3,3,3,3,3,3,3,3,3,3,2,3,3,3,3,2,3,3,3,3,3,3,2,3,3
309,2,3,2,3,2,2,3,2,2,3,3,3,2,3,3,3,3,3,2,2,3,2,3,3,3,2,3,3,1,2,2
310,2,2,3,3,3,2,3,3,3,2,2,3,2,3,2,2,3,2,2,3,3,3,2,2,3,3,3,2,3,3,2
311,2,2,2,2,0,3,3,3,1,2,3,3,3,3,2,3,2,2,1,3,3,2,1,3,3,2,3,2,1,3,2
312,2,2,3,1,2,2,3,1,3,3,3,2,3,2,3,3,2,2,3,3,3,3,3,3,3,3,2,2,2,2,3
313,2,2,3,2,2,2,2,2,3,2,3,2,2,3,2,0,2,3,1,3,2,3,3,3,3,3,3,2,2,2,2
314,2,0,1,1,2,0,1,1,0,1,1,1,1,1,2,1,0,0,0,0,3,0,0,3,1,1,1,1,0,2,2
315,2,2,2,2,1,0,2,3,1,2,1,3,2,1,3,2,2,2,2,2,2,2,2,3,2,2,2,2,0,3,2
316,2,3,2,2,2,2,3,3,2,2,3,3,3,3,2,2,1,3,3,2,3,2,2,3,3,2,3,3,3,3,2
317,2,2,1,1,2,2,1,2,1,1,1,1,1,3,1,0,0,3,1,2,2,1,1,2,1,2,3,1,1,3,1
318,2,2,1,3,3,0,3,2,2,2,3,3,3,2,3,2,2,1,2,2,1,2,1,2,2,2,3,2,1,1,2
319,2,3,2,2,3,2,3,3,1,3,3,2,2,3,2,3,3,3,3,3,2,3,3,3,2,2,3,2,0,3,3
320,2,2,1,1,1,0,2,2,1,2,3,1,2,0,2,3,1,1,2,3,2,1,1,3,2,1,2,2,0,2,2
321,2,3,2,2,2,3,3,2,3,2,2,3,1,3,3,2,2,2,1,2,3,2,3,0,2,1,3,2,0,2,3
322,2,3,3,3,3,3,3,3,3,3,3,3,3,3,3,3,3,3,3,3,3,3,2,3,3,3,3,3,2,2,3
323,2,3,2,3,2,3,3,3,3,3,2,3,3,3,2,3,3,3,3,3,2,2,2,2,3,3,2,3,2,3,2
324,2,2,2,2,1,1,3,2,3,2,2,3,2,1,2,1,3,2,1,2,1,1,2,2,2,2,1,3,1,3,2
325,2,2,1,3,0,1,2,1,1,2,2,1,2,2,0,2,3,2,1,1,2,2,1,1,2,0,1,3,1,2,1
326,2,3,2,2,3,3,3,3,3,3,3,3,3,3,3,3,3,3,3,3,3,3,3,3,3,2,3,3,3,3,3
327,2,2,0,1,3,1,2,3,2,3,3,2,3,3,1,1,2,1,2,2,2,2,1,1,1,2,1,1,2,1,2
328,2,2,0,2,3,2,2,3,2,3,2,2,3,2,3,0,1,1,1,1,3,1,2,1,3,0,2,3,2,2,1
329,2,3,2,1,1,3,1,2,2,1,2,2,1,2,2,1,3,3,2,2,2,1,1,2,3,2,2,2,0,2,2
330,2,3,2,3,3,3,3,2,3,3,3,3,3,3,3,3,3,3,2,3,3,3,3,3,3,3,3,3,2,3,3
331,2,3,1,3,3,1,3,2,3,2,3,3,3,3,2,2,3,3,2,2,3,2,3,2,3,1,3,3,0,3,3
332,2,2,2,1,2,3,1,2,1,3,2,3,2,2,3,3,2,2,1,1,2,1,2,1,2,2,0,2,2,2,3
333,2,2,2,2,2,2,2,2,2,2,2,2,3,2,3,2,2,1,2,2,1,2,1,1,2,1,1,1,1,3,2
334,2,1,2,2,2,1,2,2,2,2,3,1,3,0,3,1,0,3,1,1,2,1,1,0,2,0,2,1,1,3,0
335,2,2,0,1,0,1,1,0,1,1,1,1,1,1,1,0,0,1,1,1,1,0,0,1,1,1,1,1,0,0,1
336,2,3,3,3,1,2,3,2,3,1,3,3,2,3,2,2,1,3,3,2,3,3,1,3,3,2,3,3,3,3,3
337,2,3,3,2,3,2,3,3,3,1,2,3,3,3,2,3,1,2,1,2,2,2,2,2,2,2,2,2,2,2,2
338,2,2,2,3,2,2,3,3,2,2,3,3,3,3,2,2,3,3,3,3,3,3,3,3,3,1,3,3,2,3,2
339,2,2,0,2,1,2,1,1,1,1,2,2,3,2,1,1,0,2,3,2,2,1,2,1,2,1,3,1,1,2,1
340,2,3,3,3,2,1,3,0,3,3,2,2,2,2,0,2,3,3,3,2,2,3,1,1,3,2,2,3,2,2,2
341,2,2,2,3,3,3,1,3,3,3,3,3,3,2,3,3,3,3,2,3,3,2,3,3,3,2,3,3,3,3,3
342,2,2,3,3,3,1,1,3,3,3,2,3,2,3,3,2,2,2,2,3,2,2,3,2,3,2,3,3,1,3,3
343,2,3,2,2,2,1,2,2,3,2,2,3,3,3,1,3,3,3,3,3,3,2,2,2,3,1,2,2,2,1,3
344,2,1,0,2,2,0,1,2,0,3,0,1,1,1,1,1,0,1,1,0,1,0,1,1,1,0,2,1,0,1,3
345,2,2,3,3,2,2,3,3,3,3,3,3,3,3,2,3,3,2,3,3,3,1,3,3,3,3,2,3,2,3,3
346,2,1,2,2,2,1,2,3,0,3,3,2,2,1,1,0,2,1,1,1,2,0,1,1,2,1,2,2,0,1,1
347,2,3,1,1,1,0,1,1,2,3,2,2,3,2,1,1,1,1,2,2,1,1,1,1,2,1,1,2,0,1,1
348,2,3,3,3,2,3,1,2,2,2,3,3,3,2,3,2,3,3,1,2,3,3,2,1,2,2,2,2,0,3,3
349,2,3,3,3,3,2,3,2,3,2,2,3,3,3,2,3,1,2,1,3,3,2,2,3,3,2,3,3,2,3,2
350,2,2,3,3,3,1,3,2,3,3,2,3,3,3,3,2,3,2,3,3,3,3,2,1,3,2,1,2,1,3,2
