"person","subgroup","i1","i2","i3","i4","i5","i6","i7","i8","i9","i10","i11","i12","i13","i14","i15","i16","i17","i18","i19","i20","i21","i22","i23","i24","i25"
1,1,0,0,0,0,1,1,0,0,1,2,1,0,0,1,1,1,0,1,2,0,0,0,0,0,1
2,1,0,0,1,0,0,1,2,0,0,2,2,1,0,0,1,0,1,0,0,1,0,0,1,0,1
3,1,0,0,0,0,1,1,0,0,1,2,3,0,1,1,2,0,1,1,0,1,2,1,0,0,1
4,1,0,0,2,3,0,2,1,2,1,2,1,1,2,2,3,2,1,1,1,1,1,0,0,0,0
5,1,0,0,3,1,2,1,1,1,2,2,1,2,1,0,2,2,1,0,1,0,1,1,2,0,1
6,1,1,0,0,0,1,1,1,2,0,1,2,1,1,0,1,1,1,1,2,0,1,0,0,0,2
7,1,0,1,0,0,2,2,1,0,0,1,0,0,1,2,1,1,1,2,0,1,1,1,0,1,3
8,1,1,0,2,3,1,2,0,1,2,1,3,1,0,1,3,1,0,1,3,1,0,2,2,2,1
9,1,0,0,0,0,2,1,1,0,0,1,1,0,1,0,3,0,2,0,0,0,0,0,0,0,1
10,1,1,1,1,1,1,2,1,1,3,2,2,2,1,1,3,2,0,1,0,2,0,1,0,1,3
11,1,1,0,0,1,3,0,1,1,2,2,2,1,2,1,1,0,2,2,1,2,1,1,1,1,2
12,1,1,0,1,0,1,1,1,1,1,2,1,2,1,2,2,2,0,0,0,2,1,0,1,0,1
13,1,0,0,2,0,0,1,1,2,2,2,2,0,2,0,2,0,1,0,1,1,0,0,0,0,1
14,1,1,1,3,3,2,2,1,1,2,2,2,3,1,3,1,1,0,2,2,0,1,0,1,0,3
15,1,0,0,1,2,0,1,0,0,0,1,0,1,0,2,1,0,1,1,2,1,1,0,1,0,1
16,1,0,0,0,1,0,0,0,1,0,0,0,1,1,1,2,2,1,2,1,2,1,0,0,0,1
17,1,1,1,1,0,0,2,0,1,0,1,1,0,1,0,3,0,0,0,0,3,0,0,2,0,1
18,1,1,0,2,1,2,2,0,1,1,2,2,2,1,1,3,0,0,0,0,1,0,2,0,0,3
19,1,2,1,0,3,1,1,1,1,0,2,0,3,1,3,0,1,0,0,3,0,2,1,1,1,2
20,1,0,0,3,0,1,2,1,0,0,1,0,0,3,3,1,0,2,2,0,1,2,0,1,0,0
21,1,0,1,1,1,2,0,1,0,0,2,2,1,0,1,3,0,0,1,1,2,3,1,1,2,2
22,1,0,0,1,0,1,0,1,1,0,1,0,1,1,3,2,0,2,0,3,1,0,0,0,1,0
23,1,0,0,2,0,1,0,0,0,3,1,2,1,3,2,3,0,3,0,1,0,0,1,1,2,1
24,1,0,0,1,0,1,0,1,0,0,1,0,1,0,0,2,1,0,0,1,1,0,0,0,0,2
25,1,0,0,1,2,1,1,0,1,0,1,1,2,1,2,1,2,0,0,0,2,1,1,1,0,3
26,1,0,0,1,1,0,1,0,2,0,0,0,0,0,0,1,0,0,0,0,0,0,0,0,0,1
27,1,2,0,0,3,1,1,0,2,0,2,1,1,0,0,1,1,1,0,0,3,0,0,2,1,1
28,1,1,0,2,1,1,1,0,0,2,0,0,0,1,0,1,2,1,1,0,1,0,0,2,1,2
29,1,0,0,1,1,1,1,0,1,1,1,2,0,1,1,3,1,0,0,0,0,0,0,1,1,2
30,1,1,0,1,1,1,1,1,0,2,0,1,0,0,3,2,0,0,1,2,1,1,1,1,2,1
31,1,0,0,0,1,1,0,1,0,0,1,1,3,0,1,1,0,0,1,1,1,0,0,0,1,2
32,1,0,1,0,1,1,3,1,2,0,2,2,1,0,1,2,2,1,0,0,3,0,0,0,1,0
33,1,1,1,0,1,3,0,2,3,1,2,3,0,2,2,3,3,1,2,2,2,2,1,3,1,2
34,1,0,1,2,0,1,0,0,0,1,2,3,1,0,0,2,0,0,1,0,0,0,0,0,2,0
35,1,1,1,0,2,2,3,1,2,3,2,3,2,0,3,1,1,0,1,3,2,1,1,2,0,1
36,1,1,2,2,1,2,1,0,3,1,1,2,1,1,0,2,3,1,0,1,2,2,2,1,0,1
37,1,0,2,2,0,1,2,1,2,1,1,0,1,0,2,3,1,2,3,1,0,1,1,1,1,2
38,1,1,2,0,0,1,0,0,0,1,2,1,2,1,2,3,1,0,0,0,3,0,1,1,1,2
39,1,1,1,1,1,1,0,0,3,2,3,2,2,1,2,3,0,1,0,1,3,0,1,1,1,3
40,1,0,0,3,2,1,2,1,2,2,0,2,0,1,1,2,0,2,0,3,0,1,0,0,2,2
41,1,0,0,2,0,1,1,1,1,0,2,3,3,1,1,1,0,2,1,1,1,0,0,0,0,1
42,1,1,1,0,2,0,1,2,1,0,1,1,3,0,2,2,0,0,1,1,0,0,0,0,0,3
43,1,0,1,2,0,1,1,0,1,1,1,1,0,1,0,0,2,0,0,0,0,0,0,0,0,1
44,1,1,1,2,0,1,2,0,1,0,1,1,0,0,1,1,0,0,2,2,0,1,1,0,1,3
45,1,0,0,1,3,1,0,0,1,0,2,2,2,1,0,2,2,1,1,1,2,0,0,1,1,1
46,1,0,1,0,0,1,0,1,0,0,0,1,2,2,1,2,1,1,0,0,2,1,0,0,2,1
47,1,0,0,1,1,0,0,2,0,1,0,1,0,0,1,2,1,0,1,0,1,0,0,0,0,1
48,1,1,0,0,0,1,0,0,0,0,3,2,0,0,0,2,0,0,0,0,2,1,0,0,0,0
49,1,1,1,0,0,0,0,1,0,1,1,1,2,0,0,1,1,0,1,0,2,0,1,0,0,1
50,1,1,0,0,0,1,0,1,1,2,3,2,0,1,1,2,0,0,1,2,3,1,0,0,2,1
51,1,2,1,1,1,2,0,0,0,1,0,1,0,1,1,2,0,0,1,0,1,0,0,1,0,0
52,1,1,0,1,1,1,1,1,3,1,2,3,2,3,2,3,1,0,1,1,3,2,0,2,0,2
53,1,1,1,1,0,1,3,1,0,0,1,2,2,0,1,3,0,1,0,0,2,0,0,0,1,0
54,1,0,0,1,1,0,1,1,1,0,3,2,1,1,0,2,1,0,1,1,2,1,0,1,0,0
55,1,1,1,1,1,1,1,0,1,1,1,3,1,1,1,2,0,1,2,1,0,1,0,1,0,2
56,1,1,0,0,2,1,0,0,1,0,1,0,1,1,1,1,2,1,2,0,1,0,1,1,1,0
57,1,2,1,1,0,0,0,0,1,0,0,1,2,0,0,0,0,2,0,1,1,0,0,0,1,0
58,1,0,0,1,1,2,1,1,1,1,2,0,0,1,1,3,1,0,1,1,1,2,0,0,1,1
59,1,0,0,1,2,2,2,1,0,1,2,2,1,1,1,1,2,0,0,2,2,2,0,0,0,0
60,1,2,1,1,0,0,1,1,1,0,2,3,1,0,2,3,1,1,1,1,2,1,0,2,0,0
61,1,0,0,1,2,1,0,0,2,1,0,1,2,0,0,1,0,0,0,1,2,0,0,0,0,1
62,1,1,0,1,0,0,1,0,1,3,0,2,2,1,2,3,1,1,2,0,1,0,0,2,0,2
63,1,0,1,1,1,2,0,1,0,1,2,3,2,1,1,1,1,0,0,0,1,2,1,2,0,1
64,1,1,0,2,0,0,0,0,0,0,1,1,1,1,2,2,1,1,0,1,2,2,0,1,1,1
65,1,0,3,2,0,2,2,1,1,1,0,2,1,0,2,3,0,1,1,0,1,0,0,2,0,0
66,1,0,1,0,0,2,2,1,0,1,0,2,0,2,2,1,2,1,2,1,3,1,0,1,0,1
67,1,0,0,1,0,0,1,0,1,0,1,2,1,0,2,1,1,0,1,0,2,1,1,1,0,3
68,1,0,1,0,1,0,1,1,0,2,1,0,1,1,1,1,1,1,0,0,1,0,0,0,0,3
69,1,3,0,2,1,1,1,1,0,3,0,0,2,2,0,3,1,2,0,2,3,1,1,2,3,1
70,1,0,0,1,0,1,1,1,0,1,2,0,1,0,2,1,0,0,1,1,1,0,0,0,0,2
71,1,0,2,1,1,1,1,1,1,1,1,1,0,0,0,0,1,0,2,0,0,0,0,0,1,1
72,1,1,2,2,2,1,1,2,1,1,1,1,2,1,2,2,1,1,0,1,1,1,0,0,0,1
73,1,2,1,1,1,0,1,0,1,0,2,1,0,1,1,2,1,0,0,1,1,0,0,1,1,2
74,1,1,0,2,1,1,1,0,0,2,2,1,2,2,2,1,2,2,0,0,2,1,0,1,0,0
75,1,0,1,1,2,1,0,0,1,2,0,2,0,0,0,2,1,1,0,0,1,2,0,2,0,2
76,1,0,1,0,0,1,0,1,0,0,1,2,2,0,0,1,0,0,1,0,2,0,1,0,0,1
77,1,0,0,2,0,1,1,1,1,1,2,2,1,1,0,1,0,1,2,1,1,0,1,0,0,1
78,1,0,0,0,1,1,0,0,0,1,1,0,1,0,2,1,1,1,0,1,1,1,0,0,2,0
79,1,1,1,1,1,0,1,0,2,2,2,2,2,1,2,2,2,2,0,0,2,0,0,0,1,3
80,1,2,0,2,2,0,1,1,0,2,0,1,0,0,1,1,0,1,0,1,1,1,1,0,0,1
81,1,0,1,1,0,2,1,0,1,1,2,1,1,0,1,2,0,0,2,0,1,1,0,1,0,3
82,1,0,1,1,1,0,3,2,1,0,2,2,3,1,3,2,1,1,1,2,0,1,1,0,0,2
83,1,2,2,1,0,0,0,0,1,1,3,0,1,2,1,1,1,1,1,0,2,0,1,1,1,1
84,1,0,0,0,2,3,0,0,1,1,1,1,1,0,2,2,0,0,2,2,1,2,0,2,1,1
85,1,1,0,2,1,2,0,0,1,1,3,0,0,1,0,1,0,0,2,0,1,0,1,0,0,2
86,1,1,0,1,0,0,1,1,0,1,3,2,2,0,0,1,0,1,1,1,1,1,1,2,0,3
87,1,1,0,2,0,3,0,1,1,2,1,0,1,0,2,2,1,1,0,0,0,1,0,0,1,2
88,1,0,2,1,1,0,3,2,2,0,1,1,1,0,1,2,1,1,1,1,1,2,0,1,2,2
89,1,1,1,1,2,1,1,1,1,1,2,2,2,0,2,2,2,2,2,1,3,2,0,1,0,0
90,1,1,1,0,0,1,0,0,0,0,1,0,0,0,1,1,0,2,0,0,1,1,0,0,0,1
91,1,0,0,0,0,0,1,0,0,0,0,0,0,1,0,0,1,0,0,1,1,0,0,0,0,0
92,1,0,1,0,1,1,0,1,1,2,2,2,0,0,1,2,0,0,1,1,2,0,0,0,1,0
93,1,0,0,1,2,1,1,0,1,1,0,1,2,0,0,0,1,0,1,0,0,0,0,0,0,1
94,1,0,0,0,0,0,0,0,1,0,1,1,1,1,1,0,1,1,1,0,1,0,0,3,0,1
95,1,0,0,0,1,1,1,0,0,0,0,1,0,0,1,1,0,0,0,0,1,0,1,1,0,0
96,1,1,2,2,2,2,1,1,0,1,1,2,1,1,2,2,1,1,1,0,1,0,1,1,0,2
97,1,0,0,1,1,0,0,0,1,2,1,1,0,0,0,2,0,0,0,0,2,1,1,0,0,0
98,1,2,0,1,1,0,0,0,1,0,1,3,1,0,0,1,0,0,2,1,1,0,0,1,0,3
99,1,2,2,3,1,1,1,2,0,2,2,0,1,1,2,3,2,1,0,2,0,2,0,0,2,0
100,1,0,1,1,0,0,3,1,1,3,2,2,3,2,0,2,0,1,0,0,1,2,1,1,2,3
101,1,1,0,1,2,1,0,0,1,1,0,2,2,0,0,1,1,0,0,0,2,1,0,0,0,1
102,1,0,1,1,1,0,1,0,1,0,1,1,1,0,2,0,0,0,1,0,2,1,0,1,0,1
103,1,1,0,1,1,1,0,0,0,1,2,1,0,2,0,1,0,0,0,2,1,0,2,0,2,1
104,1,0,0,0,0,0,2,0,0,1,1,2,1,1,0,2,0,1,1,0,1,0,0,0,0,2
105,1,0,0,1,2,1,2,1,1,3,1,3,1,1,2,2,1,1,1,1,3,2,1,2,1,1
106,1,1,0,2,1,1,1,2,2,2,2,2,0,2,2,1,0,1,1,2,2,1,2,0,1,0
107,1,1,3,2,3,1,2,1,1,3,0,2,1,1,3,3,1,0,0,2,2,0,1,3,3,2
108,1,0,2,2,1,1,0,1,2,0,2,0,2,1,0,0,0,1,1,1,2,1,0,0,1,0
109,1,0,0,0,0,0,2,1,0,1,1,1,1,0,1,1,1,1,0,1,0,1,0,0,0,2
110,1,0,1,0,1,1,2,1,0,0,2,2,1,1,0,2,1,1,0,1,2,2,0,0,1,1
111,1,0,0,2,0,1,1,0,1,1,2,2,2,1,1,1,0,1,2,2,3,0,0,0,1,1
112,1,0,0,1,1,2,0,0,0,0,2,0,0,0,0,0,0,0,1,0,0,0,0,0,0,1
113,1,1,0,0,0,1,0,1,0,0,0,1,1,1,2,0,0,1,0,0,1,0,0,0,0,3
114,1,0,0,0,2,2,0,0,1,0,0,1,2,1,2,2,0,0,1,2,1,0,1,1,1,2
115,1,2,0,1,0,0,1,1,1,1,3,1,2,1,1,2,0,1,1,2,1,0,0,2,2,0
116,1,0,0,1,2,1,0,0,1,2,2,1,2,1,0,2,1,2,0,3,1,2,0,1,1,2
117,1,0,0,2,0,0,2,1,2,1,2,1,1,0,1,1,1,1,0,0,3,0,0,2,1,2
118,1,0,1,3,1,1,1,0,0,2,2,0,0,0,1,2,1,1,2,0,1,2,0,1,0,1
119,1,0,0,0,1,3,0,1,2,1,1,2,1,1,1,1,1,1,1,2,2,1,0,0,0,1
120,1,0,0,1,2,0,2,0,1,2,2,1,2,2,2,3,0,0,1,1,1,1,1,2,0,0
121,1,1,0,0,1,0,1,1,0,0,0,3,0,0,1,2,0,1,2,0,1,0,0,2,0,1
122,1,1,0,1,1,1,1,0,1,0,0,0,0,0,2,3,1,1,0,1,0,2,0,2,0,1
123,1,1,1,1,2,1,1,1,0,2,1,2,0,0,0,2,0,0,1,1,3,0,0,0,2,2
124,1,0,1,2,1,2,1,3,2,2,2,2,2,1,1,2,1,1,2,2,1,1,2,1,2,1
125,1,1,0,1,2,2,0,0,2,0,1,1,2,1,1,2,1,0,1,0,2,2,1,3,1,2
126,1,0,0,1,0,0,0,2,1,1,1,2,1,1,1,1,2,2,1,1,0,2,1,1,0,1
127,1,0,0,1,1,1,2,1,3,2,2,0,0,0,0,1,1,0,0,0,1,0,0,2,0,1
128,1,0,0,0,1,0,1,1,0,0,2,1,2,0,1,1,1,1,0,1,0,0,0,0,0,2
129,1,0,2,1,1,2,2,0,0,1,0,1,1,2,3,1,1,0,0,1,1,1,0,2,3,1
130,1,0,1,1,0,1,1,0,0,1,0,2,0,0,0,2,0,0,0,1,0,0,0,1,1,2
131,1,0,0,1,2,0,0,0,2,0,2,1,0,0,0,1,0,1,0,1,2,1,0,0,1,0
132,1,0,0,1,0,1,1,0,0,0,1,0,0,1,3,2,0,1,1,0,1,1,0,1,0,0
133,1,1,0,1,1,1,1,0,1,2,2,1,1,1,2,2,0,1,0,0,1,1,0,0,0,1
134,1,0,0,1,1,1,2,2,1,2,1,2,0,1,2,3,0,0,0,0,1,1,1,0,2,1
135,1,0,0,2,0,0,1,1,1,1,0,0,0,0,2,0,1,0,1,1,1,0,0,0,2,2
136,1,0,0,2,1,0,0,1,0,1,1,0,2,3,3,2,0,0,1,0,0,1,0,0,0,2
137,1,0,0,1,1,0,1,0,0,1,1,0,0,1,0,1,0,2,1,2,3,1,0,0,1,2
138,1,0,1,0,1,2,1,0,0,0,0,1,2,1,0,1,0,1,1,1,2,0,0,0,0,0
139,1,1,0,2,0,0,2,2,1,0,0,1,1,1,1,2,0,1,0,1,3,1,1,1,1,0
140,1,2,0,0,1,0,0,2,0,0,3,2,1,0,2,1,2,0,0,1,0,0,0,0,1,1
141,1,1,0,3,1,2,0,0,0,1,1,0,0,0,0,2,0,0,2,1,2,1,0,1,0,1
142,1,0,0,0,1,0,0,1,0,0,0,0,1,0,2,1,0,1,0,1,1,1,0,1,0,0
143,1,0,0,2,0,0,1,1,0,1,0,1,0,2,1,2,0,0,0,1,1,0,0,2,1,0
144,1,0,0,1,0,1,0,0,0,0,1,0,0,1,0,1,1,0,0,0,0,0,1,0,0,1
145,1,0,0,2,1,3,1,0,1,2,3,3,1,2,1,2,3,1,0,0,2,0,0,0,1,0
146,1,1,0,0,0,0,0,0,0,1,1,0,0,1,0,1,0,0,0,0,0,0,0,1,1,1
147,1,0,0,2,0,0,0,0,0,0,2,2,1,0,2,1,2,0,0,0,0,1,0,1,1,2
148,1,1,1,2,1,1,1,1,0,0,3,1,0,1,1,2,1,0,0,0,2,2,0,1,1,0
149,1,0,0,1,1,3,0,0,0,1,0,0,0,0,1,2,1,1,0,2,0,1,1,2,1,0
150,1,1,0,2,0,1,0,0,1,1,2,1,0,1,0,1,1,1,0,0,1,0,0,0,0,1
151,1,1,0,2,2,0,1,1,1,0,2,1,1,1,2,2,0,0,0,0,2,2,0,0,0,2
152,1,0,0,1,1,1,0,1,0,2,0,1,1,1,0,1,0,0,0,1,0,1,0,0,0,0
153,1,0,0,0,1,0,1,0,2,0,0,1,0,1,0,3,1,0,1,2,2,1,0,2,1,1
154,1,1,2,3,2,0,0,2,0,1,2,1,1,0,1,2,2,0,1,2,1,0,2,2,1,3
155,1,1,0,0,1,0,1,0,0,2,3,2,0,0,1,1,1,1,0,1,0,1,0,0,0,1
156,1,0,0,0,1,0,0,0,0,0,1,0,1,0,0,1,0,0,0,0,1,0,0,0,1,1
157,1,1,0,1,0,2,0,1,1,0,0,1,2,2,1,2,0,0,1,2,3,0,1,2,0,2
158,1,1,0,1,1,1,1,1,1,0,1,1,1,3,1,3,2,0,0,0,2,3,0,3,0,2
159,1,0,0,1,0,1,3,0,1,0,2,0,0,1,1,3,0,0,1,3,1,0,0,0,1,2
160,1,2,0,1,1,2,1,0,1,1,2,1,0,1,2,2,2,0,0,1,2,2,0,0,0,0
161,1,3,0,3,2,1,1,3,0,3,3,1,1,1,2,2,1,1,0,0,2,2,1,0,1,2
162,1,0,0,0,1,2,0,0,2,1,0,1,0,2,1,2,0,0,0,0,0,1,0,2,1,1
163,1,3,0,2,2,1,1,1,0,0,3,1,0,2,1,3,1,0,1,2,2,0,0,0,1,2
164,1,0,0,0,1,1,0,0,0,0,1,0,0,0,0,3,0,0,0,0,3,1,0,0,0,3
165,1,0,0,2,1,1,1,0,2,1,2,2,2,1,0,2,1,2,1,0,2,1,0,1,0,1
166,1,1,0,0,1,3,0,1,0,0,2,2,0,1,2,2,1,1,1,1,0,1,1,1,1,2
167,1,0,0,0,1,1,1,1,0,1,1,1,1,0,2,1,0,2,0,0,1,2,0,1,2,1
168,1,0,0,2,0,1,1,0,1,0,0,1,1,1,2,2,0,0,2,2,0,1,0,1,2,0
169,1,1,1,1,1,2,1,2,0,2,3,1,1,1,0,2,0,1,1,0,2,1,1,2,1,3
170,1,0,1,3,1,1,3,0,1,2,2,0,3,0,1,2,1,1,0,1,1,2,0,1,1,3
171,1,0,1,0,0,0,0,0,0,0,1,0,0,0,0,2,1,0,0,0,0,0,0,1,0,0
172,1,1,1,1,3,2,2,2,2,2,2,1,2,2,2,2,2,2,1,1,1,1,1,1,0,2
173,1,0,0,2,0,1,0,0,1,1,2,0,1,0,1,1,2,1,1,0,2,0,0,1,0,1
174,1,0,0,1,0,0,1,0,1,0,2,1,1,0,2,1,1,0,0,0,1,1,1,2,0,1
175,1,2,1,0,1,1,0,0,0,0,0,1,1,0,0,2,1,1,1,0,1,1,0,1,1,1
176,1,0,1,0,0,1,0,1,2,1,1,1,1,1,1,2,0,1,0,1,1,0,1,0,2,1
177,1,0,0,0,0,0,1,0,1,0,1,0,1,0,1,1,2,0,0,1,0,1,0,0,0,1
178,1,1,0,2,1,0,3,1,1,1,2,3,2,1,2,2,1,2,0,2,1,3,1,2,0,1
179,1,1,1,1,1,2,2,2,0,0,2,1,0,2,3,1,0,1,1,2,2,0,2,2,1,3
180,1,1,0,0,0,0,1,2,1,1,0,1,2,0,0,1,0,0,0,0,0,0,1,1,0,1
181,1,0,0,2,0,1,2,0,1,1,0,1,1,2,2,3,0,1,1,2,2,1,0,0,1,2
182,1,0,1,1,1,2,1,0,1,1,0,2,3,2,3,3,2,2,2,1,1,1,1,2,2,1
183,1,1,1,1,1,2,0,1,1,0,2,1,0,1,3,3,0,1,0,0,2,0,1,1,1,1
184,1,0,1,0,1,2,0,2,2,0,2,2,2,0,0,1,1,1,0,1,1,1,0,0,1,2
185,1,1,1,2,2,1,2,1,2,1,3,2,0,2,2,3,2,2,0,1,2,1,1,1,1,2
186,1,0,1,2,2,3,1,0,1,2,2,0,2,0,2,3,0,1,2,0,2,2,0,3,2,1
187,1,0,0,1,1,2,3,0,1,1,1,1,2,0,1,2,1,0,0,1,0,0,1,2,0,3
188,1,0,0,2,1,1,2,2,2,0,2,2,0,2,3,2,1,2,0,1,2,0,2,1,2,2
189,1,1,0,1,0,1,1,1,0,1,1,1,1,1,0,2,1,1,0,0,1,1,1,0,1,3
190,1,1,0,1,0,1,0,1,0,0,1,1,0,3,3,2,1,1,0,1,1,1,0,0,1,2
191,1,0,0,1,0,0,0,0,2,0,2,1,3,1,1,3,0,0,1,0,2,1,0,1,1,0
192,1,1,2,1,1,2,1,3,2,2,1,3,1,2,1,2,1,0,2,2,2,1,3,1,1,2
193,1,0,0,1,0,0,2,0,0,0,2,2,1,1,1,1,0,1,0,1,1,0,0,2,1,1
194,1,0,0,1,1,1,0,0,1,1,2,2,2,2,1,1,1,1,1,0,2,0,2,0,1,1
195,1,0,1,1,1,1,3,1,1,1,2,1,2,1,3,2,0,1,1,2,2,1,0,1,2,2
196,1,0,0,0,0,1,0,0,0,0,1,2,0,1,1,1,1,2,0,0,0,0,0,0,2,1
197,1,1,0,2,1,0,2,0,1,1,1,2,2,0,1,2,0,0,0,0,0,1,0,1,1,1
198,1,2,0,0,1,0,1,0,3,0,0,1,0,0,2,0,0,0,0,0,0,0,1,1,0,0
199,1,1,0,2,2,1,3,0,1,0,2,2,0,2,3,0,0,0,0,1,1,1,0,1,2,2
200,1,1,1,0,0,1,0,0,1,0,1,2,1,2,0,1,0,1,0,3,1,1,0,1,1,0
201,2,3,1,1,2,3,3,2,2,2,3,2,2,2,2,3,1,3,3,2,3,3,2,2,2,2
202,2,1,1,3,1,3,1,1,3,1,3,3,0,3,3,3,2,1,2,3,3,2,1,3,2,3
203,2,2,0,1,1,1,2,1,3,1,1,2,3,0,1,2,0,1,0,2,2,1,0,1,0,0
204,2,1,0,2,3,3,2,1,2,1,2,2,1,2,3,3,3,1,2,0,3,3,0,3,0,2
205,2,1,3,3,2,2,2,3,3,3,2,3,3,3,3,3,3,2,2,3,3,2,3,2,2,3
206,2,2,0,2,2,1,3,0,2,2,2,2,1,2,1,0,3,1,3,0,2,3,1,2,1,2
207,2,1,3,2,0,2,2,0,3,0,2,2,1,3,0,2,2,0,0,1,1,1,1,1,1,3
208,2,2,1,2,1,3,2,3,1,2,3,2,2,3,0,3,1,0,1,1,1,2,1,1,1,1
209,2,3,3,2,2,2,3,3,3,3,2,2,3,3,3,3,3,3,3,3,3,2,2,2,3,3
210,2,1,1,1,1,2,2,1,2,2,0,3,2,3,1,3,2,2,3,3,3,3,1,2,1,2
211,2,2,2,3,1,3,3,2,3,3,3,3,3,3,2,3,2,2,3,2,3,2,2,2,3,3
212,2,3,3,2,3,3,3,3,3,2,2,3,3,3,1,3,3,2,3,2,3,2,0,2,2,3
213,2,2,0,2,0,0,2,1,3,3,3,3,0,1,2,3,1,2,2,2,1,3,1,1,1,2
214,2,3,1,3,3,3,3,3,3,3,3,3,2,3,2,3,3,1,2,3,3,3,2,3,2,3
215,2,3,2,3,2,3,2,2,3,2,1,3,3,3,3,2,3,3,3,3,3,3,1,2,1,2
216,2,2,2,2,1,1,2,2,3,3,2,3,3,1,2,3,1,2,1,2,2,1,1,2,3,2
217,2,1,1,2,2,2,3,1,3,2,2,2,1,1,2,3,2,1,2,2,3,2,1,0,1,2
218,2,3,3,2,2,3,3,2,2,3,3,3,3,3,1,3,3,3,3,2,3,2,3,3,3,3
219,2,3,3,3,2,3,2,3,2,1,3,1,2,3,3,3,2,3,3,3,3,2,2,2,3,3
220,2,3,0,3,1,3,2,1,1,0,1,0,2,3,2,3,2,0,1,0,2,0,0,0,1,1
221,2,2,3,3,3,3,3,1,3,1,3,3,3,2,3,3,2,1,1,3,3,3,2,2,3,2
222,2,3,1,3,2,3,3,2,3,3,3,3,3,2,3,3,3,3,3,2,2,2,2,3,3,2
223,2,3,2,2,1,2,2,2,3,3,3,3,3,3,3,3,1,3,3,2,3,1,3,1,2,3
224,2,1,0,3,2,0,0,2,0,1,2,2,1,1,1,2,1,2,0,2,2,2,1,1,2,2
225,2,1,2,3,3,2,2,1,2,1,3,3,3,3,2,3,2,3,3,3,3,2,1,3,1,3
226,2,2,2,3,2,3,2,3,2,3,3,2,2,2,2,3,2,3,2,2,3,3,1,3,1,3
227,2,1,0,2,3,3,3,3,0,1,1,1,3,3,3,3,1,3,1,3,2,1,1,1,2,3
228,2,2,2,3,2,2,2,2,3,2,1,3,2,3,3,2,2,1,3,3,3,1,2,3,2,3
229,2,1,2,3,1,0,2,2,0,2,3,2,2,1,3,2,3,2,2,2,3,2,1,2,3,2
230,2,0,1,3,0,1,2,1,2,1,3,3,2,1,0,2,1,0,3,0,3,2,2,3,1,1
231,2,2,3,2,3,3,2,3,3,3,3,2,3,2,3,3,3,3,3,2,3,2,3,3,1,2
232,2,3,3,3,3,3,3,3,3,3,3,3,3,3,3,3,3,3,3,3,3,3,2,3,3,3
233,2,1,2,3,2,3,3,2,3,3,3,3,3,1,2,2,2,3,3,2,3,2,2,2,2,3
234,2,3,2,2,1,3,1,2,3,3,3,3,3,3,3,3,3,3,3,3,3,0,1,1,2,3
235,2,3,0,3,1,1,3,2,3,2,2,3,3,2,3,2,2,3,3,3,2,3,1,2,2,1
236,2,2,2,2,3,3,2,2,3,3,3,2,1,2,3,3,3,3,1,2,2,3,1,2,3,2
237,2,2,2,1,2,3,3,2,3,1,2,3,2,2,3,3,3,1,2,2,3,3,3,2,1,1
238,2,0,1,3,0,1,1,2,2,3,2,3,2,3,2,2,2,2,1,0,3,1,0,2,1,2
239,2,2,0,2,2,2,1,1,2,0,1,2,2,1,2,2,1,1,1,3,1,2,0,1,1,1
240,2,0,0,0,1,1,1,1,0,2,3,3,1,1,0,0,0,1,0,1,2,0,0,2,1,2
241,2,1,1,3,3,3,3,3,2,3,2,3,3,3,3,3,3,3,3,2,3,3,1,3,3,3
242,2,0,0,1,2,0,2,2,1,2,2,1,1,2,0,0,0,1,1,0,2,0,0,1,0,1
243,2,1,1,2,2,0,1,2,2,2,1,2,3,1,3,2,3,2,1,3,2,2,2,1,0,1
244,2,2,3,3,2,1,3,1,2,2,3,2,2,1,1,3,0,2,2,2,3,1,1,2,0,2
245,2,2,3,3,3,3,3,3,3,3,3,3,3,3,2,2,2,1,2,2,3,3,2,2,2,3
246,2,0,2,3,2,2,2,1,2,2,2,2,2,1,3,2,2,0,2,2,2,1,2,1,2,3
247,2,2,1,3,1,1,2,1,1,2,2,2,1,1,3,3,1,3,2,1,3,1,1,2,2,2
248,2,2,2,3,3,2,2,1,2,1,2,3,3,2,2,3,2,3,3,3,3,2,1,1,2,3
249,2,3,0,3,2,1,3,3,3,2,2,3,3,3,3,2,3,3,3,3,2,2,3,0,2,3
250,2,2,0,1,3,2,2,3,2,2,2,2,3,2,0,0,1,1,2,1,2,2,0,0,3,3
251,2,0,3,3,1,3,3,3,2,3,1,3,3,3,3,3,2,3,3,3,3,2,2,2,2,3
252,2,1,1,2,2,3,1,1,1,0,3,0,2,1,2,1,2,0,1,2,2,1,0,1,0,1
253,2,0,1,0,0,2,0,0,0,0,0,1,1,1,0,0,0,0,1,1,1,0,0,0,0,0
254,2,2,2,3,3,3,3,0,2,3,3,3,3,3,3,3,3,1,2,3,2,2,3,3,2,3
255,2,2,1,0,1,1,2,1,1,0,1,1,2,1,2,1,1,1,1,0,1,3,0,0,0,1
256,2,2,3,3,2,3,3,3,3,2,3,3,3,3,2,3,3,3,2,3,2,3,3,3,3,3
257,2,3,2,3,3,3,3,3,3,3,1,1,2,2,2,2,3,3,2,3,2,1,2,3,1,3
258,2,1,2,3,3,3,3,3,1,3,3,3,3,3,3,3,2,1,2,2,1,3,1,3,2,3
259,2,2,2,3,3,2,3,3,3,1,2,2,3,2,3,3,1,3,2,3,3,3,2,3,2,3
260,2,3,1,3,3,3,2,3,2,2,1,2,3,3,2,2,1,1,2,3,2,3,0,3,2,3
261,2,3,3,3,2,3,3,2,1,2,2,3,3,3,3,3,3,2,2,3,3,3,2,3,3,3
262,2,2,3,3,3,3,3,2,3,3,2,3,3,2,3,2,3,3,3,3,2,2,0,3,3,2
263,2,1,2,3,2,3,2,3,3,1,2,3,3,2,2,3,0,2,2,2,3,2,2,2,3,3
264,2,3,1,3,3,3,2,3,3,3,3,3,2,3,2,3,3,2,3,2,3,3,1,3,2,3
265,2,3,3,3,3,3,3,3,3,3,3,3,3,3,3,3,3,3,3,3,3,3,3,3,3,3
266,2,1,3,2,1,2,3,2,2,3,2,3,3,2,2,3,1,3,2,3,3,2,2,3,1,3
267,2,3,3,2,2,3,3,3,3,3,2,2,3,2,3,3,2,2,3,2,3,3,2,3,2,3
268,2,2,0,2,3,1,2,2,2,1,2,3,3,2,2,2,1,1,1,1,2,2,1,3,2,3
269,2,2,1,2,1,2,1,1,2,1,3,3,1,3,1,3,1,0,3,2,2,2,0,3,1,0
270,2,0,0,0,1,0,1,2,2,0,2,0,2,1,1,2,0,1,0,0,0,0,0,1,0,0
271,2,1,1,2,1,2,0,1,3,0,2,2,0,0,2,3,1,2,1,1,1,3,0,3,0,2
272,2,3,3,3,3,3,3,3,3,3,2,3,3,3,3,3,3,3,3,3,3,3,2,3,3,3
273,2,3,3,3,2,2,2,2,3,3,0,3,3,3,3,3,2,3,2,3,3,3,1,2,2,3
274,2,3,1,3,3,3,3,2,3,3,3,2,3,3,3,2,1,2,2,3,3,3,2,2,1,3
275,2,0,0,1,2,1,2,0,1,2,1,3,0,1,2,0,0,0,2,2,3,2,0,1,0,2
276,2,1,0,0,0,1,1,0,2,0,2,3,1,0,0,2,0,1,0,1,2,0,0,1,1,0
277,2,1,0,2,0,2,0,0,1,3,0,2,0,3,0,2,1,0,1,1,2,3,0,0,1,2
278,2,1,1,1,2,3,2,2,1,3,3,3,3,3,3,3,1,3,2,3,3,2,0,1,1,1
279,2,2,0,3,0,2,2,1,3,3,2,2,3,2,3,3,1,1,3,3,2,3,0,3,1,1
280,2,3,3,3,3,2,2,3,3,3,3,3,3,2,2,3,3,2,3,3,3,1,2,3,3,3
281,2,0,2,1,1,2,1,1,0,0,2,3,2,2,0,2,2,0,0,0,2,1,0,1,1,2
282,2,0,0,0,1,0,1,0,1,0,2,1,2,3,2,2,1,1,1,0,2,0,1,2,1,2
283,2,3,3,2,3,2,3,3,2,3,3,3,3,3,1,3,2,3,3,3,3,2,2,1,2,3
284,2,1,3,3,2,2,3,3,3,3,3,2,3,3,3,3,3,2,2,3,3,3,3,2,3,3
285,2,2,3,1,2,1,3,3,3,1,2,2,3,3,3,3,3,3,3,1,3,3,2,3,1,3
286,2,2,0,1,2,1,2,2,2,2,2,3,3,2,2,2,0,1,1,3,3,0,1,3,2,0
287,2,1,1,0,2,1,3,1,2,2,3,2,2,2,3,2,3,2,1,1,3,2,2,3,1,2
288,2,2,2,2,3,3,3,3,3,3,3,3,2,3,3,3,3,3,1,3,3,2,2,3,1,3
289,2,2,2,2,2,2,0,3,3,1,2,3,1,2,3,3,2,1,2,3,3,2,2,3,2,3
290,2,1,2,3,3,2,3,1,2,2,3,2,3,3,3,3,1,3,3,2,2,1,1,3,2,2
291,2,3,3,3,3,3,3,3,3,3,1,2,3,3,3,3,2,2,3,2,3,3,3,3,3,3
292,2,1,0,2,2,3,3,1,3,1,3,3,3,3,1,3,3,2,2,2,1,2,2,2,2,3
293,2,3,2,3,1,3,2,2,3,2,3,3,2,2,1,3,2,2,3,1,2,1,2,2,3,3
294,2,3,0,2,3,2,2,2,1,2,2,2,2,3,2,3,0,0,2,2,2,2,0,2,1,3
295,2,2,2,3,1,3,2,3,3,3,3,3,2,3,3,3,3,3,3,2,3,3,3,2,1,3
296,2,0,0,2,1,0,1,3,3,1,2,2,3,1,1,2,2,1,3,2,3,1,1,1,1,0
297,2,2,3,3,1,2,3,2,2,2,0,3,3,2,2,3,1,3,2,2,3,3,1,2,1,2
298,2,2,1,3,3,3,2,2,3,2,1,3,1,2,1,3,2,1,1,3,3,0,2,2,3,2
299,2,3,1,1,0,1,1,1,2,1,3,3,2,1,3,2,0,0,0,2,1,0,0,2,0,1
300,2,2,2,3,3,3,3,3,3,2,3,3,3,2,3,3,2,3,3,3,2,3,3,3,3,3
301,2,3,2,3,3,2,3,3,2,1,3,3,1,2,3,3,2,3,3,3,3,3,2,3,1,3
302,2,0,1,3,2,3,3,1,0,0,2,3,1,3,3,3,3,2,1,0,2,2,0,2,2,2
303,2,3,0,2,2,3,3,3,2,2,1,3,3,3,3,3,3,3,3,3,3,3,3,2,3,3
304,2,3,3,3,1,3,2,3,2,3,3,3,3,3,3,2,3,3,3,3,3,2,2,3,3,3
305,2,3,2,3,3,3,3,3,3,3,3,3,3,3,3,3,2,1,3,2,3,3,3,2,2,3
306,2,3,3,3,3,3,3,3,3,2,2,3,3,3,3,3,3,3,3,3,3,3,2,3,3,3
307,2,1,1,3,0,2,2,2,3,3,2,2,1,3,3,3,2,1,3,3,2,1,1,3,3,3
308,2,2,3,3,3,2,2,3,3,2,3,3,3,3,3,3,2,2,3,3,1,3,3,3,1,3
309,2,1,1,2,2,3,3,2,2,2,3,3,1,3,1,3,3,1,1,2,3,3,1,2,0,2
310,2,2,2,2,3,2,2,1,2,3,3,3,3,2,3,2,3,3,1,3,3,1,2,3,3,2
311,2,2,2,2,1,3,1,2,0,1,2,3,1,2,2,2,1,2,1,2,2,0,0,2,2,1
312,2,3,3,2,3,3,1,3,3,3,2,3,3,3,3,3,3,3,3,2,2,3,3,3,3,3
313,2,3,3,2,3,2,2,2,2,3,2,3,2,3,3,2,3,3,3,2,3,2,3,3,1,2
314,2,3,1,2,1,3,3,0,3,2,3,3,3,2,3,3,3,2,3,3,3,3,1,3,3,3
315,2,3,3,3,3,3,3,3,3,2,3,3,2,1,3,3,3,3,3,2,3,2,2,2,3,3
316,2,2,3,3,1,2,3,1,2,3,3,2,3,2,3,2,2,2,2,1,3,2,3,2,1,3
317,2,1,0,3,1,2,1,1,2,1,1,1,1,1,0,3,1,3,1,1,2,0,2,2,1,1
318,2,2,1,3,1,3,3,1,1,3,2,2,1,2,3,3,1,0,1,2,2,2,1,0,1,2
319,2,3,2,3,2,3,3,1,2,2,3,3,3,3,3,2,1,2,3,3,2,1,1,2,2,3
320,2,2,3,3,3,2,2,3,3,3,3,3,2,3,3,3,2,2,1,3,3,3,2,3,2,3
321,2,2,3,2,3,3,2,3,3,3,3,3,3,3,2,2,3,3,3,2,1,1,1,1,3,3
322,2,3,3,3,3,3,3,2,3,3,3,2,3,3,3,3,2,3,1,3,3,2,2,3,2,3
323,2,2,3,3,3,3,3,2,2,1,3,3,3,2,3,3,2,3,3,3,3,2,3,3,3,3
324,2,2,0,2,3,1,3,3,0,2,1,3,3,0,3,2,1,1,1,3,3,0,1,1,2,2
325,2,3,3,3,3,2,3,2,3,3,3,3,2,3,3,3,3,3,3,3,3,3,2,3,3,3
326,2,3,2,2,3,1,3,2,2,2,3,3,2,2,3,3,2,3,3,3,1,0,1,3,3,3
327,2,2,2,1,3,2,1,0,2,1,2,2,1,2,1,2,0,0,0,1,1,1,0,1,2,3
328,2,2,0,3,0,3,2,3,3,3,3,3,3,3,3,3,3,3,3,2,3,3,2,3,3,3
329,2,3,3,3,3,3,3,3,2,2,3,3,3,3,3,3,2,2,3,3,2,3,1,3,2,3
330,2,3,1,3,3,2,3,2,3,3,3,3,1,3,3,3,3,2,3,3,3,3,3,3,3,3
331,2,1,1,0,0,3,1,0,2,2,2,2,1,0,3,2,0,1,2,0,3,0,2,0,2,0
332,2,2,2,2,3,2,1,1,3,1,2,3,2,1,3,3,2,3,3,2,2,2,1,1,1,3
333,2,0,1,3,3,1,2,2,3,2,3,3,1,3,2,2,2,1,1,2,3,2,2,1,0,3
334,2,3,1,3,2,3,2,3,1,3,3,2,1,2,3,3,0,3,2,3,3,2,2,1,2,3
335,2,3,2,2,2,3,3,3,2,3,3,2,3,1,2,3,1,3,2,3,3,1,2,2,2,3
336,2,0,1,2,2,2,2,0,1,3,1,3,3,0,1,3,2,1,1,1,0,0,1,2,1,1
337,2,2,0,3,3,3,2,3,3,3,2,2,1,2,1,2,1,3,3,3,3,3,3,1,3,2
338,2,1,0,1,1,1,1,1,0,1,1,1,0,2,1,0,2,1,1,0,0,0,0,0,1,2
339,2,0,2,2,1,2,3,2,3,3,3,2,2,3,1,3,2,3,1,1,2,2,1,2,2,2
340,2,2,2,3,1,0,2,2,2,1,3,2,3,3,1,2,0,2,2,3,0,2,0,2,2,3
341,2,2,0,0,1,1,3,0,2,2,3,1,2,3,1,2,0,2,1,1,2,1,1,1,1,3
342,2,2,0,2,0,2,2,1,0,3,3,3,2,1,3,2,2,0,1,2,3,3,0,1,3,2
343,2,3,3,3,2,3,3,2,2,1,2,2,3,2,3,1,3,2,2,3,3,2,3,3,2,3
344,2,3,3,3,2,3,3,1,2,2,3,3,2,2,3,3,3,1,2,2,2,2,1,3,2,2
345,2,1,3,3,2,2,3,3,2,3,3,3,3,3,3,3,3,3,3,3,3,3,3,2,0,3
346,2,3,3,3,3,3,3,3,3,3,3,3,3,3,3,3,2,3,3,3,3,3,3,3,3,3
347,2,2,1,2,1,3,2,3,3,2,2,3,3,3,3,2,2,1,3,3,3,3,2,2,3,3
348,2,1,1,2,3,2,2,3,2,2,0,3,1,1,1,3,0,3,1,3,2,3,1,2,1,1
349,2,2,3,1,1,2,1,1,3,1,1,1,3,2,1,2,1,1,2,3,1,1,1,3,1,3
350,2,1,0,1,2,3,1,1,1,0,2,2,1,0,2,2,0,2,1,1,2,1,1,2,1,3
351,2,1,1,3,3,0,3,0,3,2,3,2,2,3,2,2,3,2,2,1,3,0,1,2,1,2
352,2,1,1,3,3,1,3,0,3,2,2,2,3,3,3,2,1,2,1,0,2,3,0,3,1,3
353,2,2,1,3,2,3,3,2,3,3,2,1,3,3,2,3,1,1,2,2,3,3,0,2,3,3
354,2,2,3,2,2,3,3,3,2,1,3,1,3,3,2,3,3,2,2,2,3,3,2,3,3,3
355,2,0,1,2,2,2,3,2,1,1,2,2,1,2,3,3,2,2,2,0,2,3,1,2,3,2
356,2,0,2,1,2,0,1,1,0,2,2,2,1,1,2,1,0,1,2,0,2,2,2,1,1,0
357,2,2,0,2,2,1,1,3,2,2,3,3,3,1,2,2,0,1,3,1,2,2,2,2,2,2
358,2,3,3,3,3,2,3,3,3,3,3,3,3,3,3,3,3,3,3,3,3,2,3,3,3,3
359,2,1,1,1,1,2,2,1,1,1,2,2,1,2,1,3,1,2,0,1,3,1,1,0,1,3
360,2,2,3,1,1,0,2,2,2,1,1,3,1,3,3,1,0,0,1,2,2,3,1,3,1,2
361,2,2,2,2,2,1,3,1,2,3,2,3,1,2,2,3,0,3,3,2,3,2,1,3,3,3
362,2,2,1,1,1,1,2,1,3,3,3,2,2,2,2,3,2,2,3,2,3,1,3,2,2,2
363,2,3,1,3,3,3,2,3,3,2,3,3,3,3,3,3,3,2,3,2,3,2,2,3,2,2
364,2,2,0,0,0,2,0,0,1,2,1,1,2,1,2,2,2,0,1,0,2,1,1,0,0,3
365,2,3,2,3,2,2,2,1,2,2,3,3,3,3,2,3,1,2,2,3,2,2,3,2,3,3
366,2,1,3,3,2,3,3,1,3,2,3,3,1,2,3,3,2,2,3,3,3,3,2,3,2,3
367,2,2,3,3,2,3,3,3,2,2,3,3,1,2,1,3,1,2,2,2,2,2,2,1,3,3
368,2,1,2,2,2,3,3,3,3,2,3,3,2,3,3,3,2,3,3,3,3,3,2,3,2,3
369,2,3,3,3,2,2,3,1,3,3,3,3,2,3,2,2,2,2,2,3,3,2,0,3,3,3
370,2,1,1,1,0,1,1,1,0,0,2,3,1,1,2,1,0,0,0,2,2,0,0,0,2,3
371,2,2,3,3,1,3,2,2,2,2,3,3,2,1,3,3,1,1,1,2,2,3,3,3,2,2
372,2,3,0,2,1,2,1,0,1,3,2,3,2,0,2,3,1,2,1,1,2,3,1,2,1,3
373,2,2,1,2,1,2,2,1,3,3,3,2,2,2,3,3,3,2,1,1,3,1,1,2,2,3
374,2,3,3,3,3,3,3,3,3,3,3,3,3,3,2,3,3,2,3,3,2,3,2,3,3,2
375,2,2,1,3,3,2,3,3,3,3,2,3,3,3,3,3,3,2,2,3,3,3,0,2,1,2
376,2,2,3,3,1,1,3,0,2,2,2,2,2,3,3,3,3,2,2,2,1,3,2,3,3,3
377,2,2,3,3,3,3,2,2,3,2,3,3,3,3,3,3,2,3,3,2,3,2,2,3,2,3
378,2,1,0,2,1,1,0,1,0,0,1,0,1,0,1,0,1,1,1,0,1,0,0,0,0,1
379,2,2,1,3,3,3,2,3,1,3,3,3,3,2,3,3,3,2,1,2,3,2,1,2,2,3
380,2,0,1,3,3,2,3,1,2,3,3,3,2,3,3,3,1,2,1,3,3,3,2,2,3,3
381,2,2,3,3,3,2,3,2,3,3,3,3,3,3,3,3,2,3,3,2,3,1,3,3,2,3
382,2,3,1,3,3,3,3,3,3,2,3,3,2,2,3,3,2,3,3,3,2,2,1,2,2,3
383,2,1,1,1,0,0,1,1,1,0,3,2,0,0,2,0,0,1,3,2,3,0,1,1,1,1
384,2,2,2,3,3,3,3,2,3,2,3,2,3,2,3,3,2,3,3,3,3,3,3,2,3,3
385,2,0,1,1,2,1,2,2,1,0,3,3,0,2,0,2,0,0,1,2,2,3,1,2,0,3
386,2,2,1,3,1,2,2,3,2,3,2,3,3,2,3,3,2,3,2,3,1,3,3,3,3,3
387,2,1,1,3,2,1,2,3,2,2,2,3,2,1,2,2,1,2,2,0,2,1,2,1,1,3
388,2,2,0,0,2,1,1,1,0,1,0,2,0,0,2,2,1,0,1,2,2,1,0,0,1,2
389,2,3,2,3,3,3,3,2,2,3,2,3,3,3,3,3,3,2,2,1,3,2,1,3,3,2
390,2,2,3,3,2,2,2,3,2,3,3,3,1,2,3,3,0,2,2,3,3,2,0,3,1,3
391,2,2,3,3,3,3,1,1,1,2,2,3,3,3,1,3,2,2,1,0,2,2,1,3,2,2
392,2,0,0,1,0,0,0,1,0,0,1,0,1,1,0,1,0,1,1,0,0,1,0,1,0,0
393,2,2,2,3,3,3,3,3,3,3,3,3,3,2,3,3,2,3,2,2,3,3,3,3,3,3
394,2,2,3,3,3,3,3,2,3,3,3,3,1,3,2,3,3,3,2,2,2,2,2,3,3,3
395,2,1,1,1,1,1,1,3,1,2,3,2,2,3,1,1,0,0,0,2,2,3,0,2,1,1
396,2,1,2,2,2,2,3,3,2,2,3,1,1,3,3,3,2,2,1,3,2,2,1,2,3,3
397,2,1,3,3,2,2,3,2,3,2,2,3,3,3,3,3,3,3,2,2,2,3,2,2,3,3
398,2,2,2,3,0,2,3,2,1,3,3,3,2,3,2,3,2,3,2,3,3,2,1,3,3,2
399,2,3,3,2,3,3,3,3,3,3,2,3,2,3,2,3,3,3,2,2,3,2,2,2,2,3
400,2,2,1,2,3,3,3,3,2,3,3,3,3,2,2,3,2,3,3,1,2,1,3,2,2,3
