"ids","item_1","item_2","item_3","item_4","item_5","item_6","item_7","item_8","item_9","item_10","item_11","item_12","item_13","item_14","item_15","item_16","item_17","item_18","item_19","item_20","item_21","item_22","item_23","item_24","item_25","item_26","item_27","item_28","item_29","item_30","item_31","item_32","item_33","item_34","item_35"
1,1,1,0,0,0,1,0,0,0,1,1,1,0,0,0,1,0,1,0,0,0,0,1,0,0,0,0,0,0,0,0,0,0,0,1
2,0,1,0,0,0,1,1,1,0,1,1,1,0,0,1,1,1,1,1,1,1,1,1,1,0,1,1,1,1,1,1,1,1,1,1
3,1,0,1,1,1,1,1,1,0,1,1,1,1,1,0,1,1,1,0,0,1,1,1,1,1,1,1,1,0,1,1,1,1,0,1
4,1,0,0,1,0,0,0,0,0,1,0,0,0,1,0,1,1,0,1,0,0,0,1,0,0,0,0,0,0,0,0,0,0,1,0
5,1,1,1,1,1,1,1,0,1,1,1,1,1,0,0,1,1,1,1,1,1,1,1,1,1,1,1,1,1,1,0,1,1,1,1
6,1,0,0,1,1,1,0,1,1,0,1,1,1,1,1,0,1,1,1,0,1,1,1,1,1,1,1,1,1,1,0,1,0,1,1
7,0,0,1,1,1,0,0,1,0,0,0,0,1,0,0,1,1,1,0,0,0,0,1,1,0,1,1,1,0,0,0,1,1,1,0
8,0,1,0,1,0,0,1,1,1,0,1,1,0,1,1,1,0,1,0,0,0,0,0,1,0,0,1,0,1,1,0,0,0,0,1
9,0,0,0,1,0,0,0,1,0,0,1,1,0,1,0,1,0,1,0,1,0,1,1,1,0,1,0,0,1,1,0,0,1,1,1
10,0,1,1,0,1,0,0,0,0,1,0,0,1,0,0,1,1,1,0,0,0,1,0,0,0,1,0,0,0,0,0,0,0,0,1
11,0,1,0,0,0,0,0,0,1,0,1,1,0,1,0,1,1,1,1,0,1,1,1,1,1,1,1,0,1,1,0,0,1,1,1
12,1,0,0,1,0,0,1,1,0,1,1,1,1,0,0,1,1,1,1,0,0,0,1,0,1,0,1,0,1,0,0,1,1,0,1
13,1,1,0,1,0,0,0,0,0,1,0,1,0,1,0,0,0,1,0,0,1,1,1,0,1,1,1,1,1,0,0,0,0,0,0
14,0,1,1,0,1,1,1,1,1,1,1,1,1,0,1,1,0,1,0,1,1,0,1,0,0,0,1,1,1,1,0,0,0,1,1
15,1,1,0,1,1,1,1,1,1,1,1,1,1,1,0,0,1,1,1,1,1,1,1,1,1,1,1,1,1,0,1,1,1,1,1
16,1,1,0,1,1,0,1,1,1,1,0,1,1,0,0,0,1,1,1,1,0,0,1,0,1,0,1,1,1,1,1,1,1,0,1
17,0,1,0,1,1,0,0,0,1,1,1,1,1,0,0,1,1,1,0,1,0,1,1,1,0,0,1,0,1,1,0,0,0,0,0
18,1,0,1,0,0,1,0,1,1,1,0,1,0,0,0,1,0,1,1,1,1,0,1,1,1,1,1,1,1,1,0,1,0,0,0
19,1,0,1,1,0,1,1,0,1,1,1,0,1,1,0,0,1,1,1,0,0,1,1,0,1,1,0,0,1,0,0,0,0,0,1
20,1,1,1,1,1,1,1,1,1,1,1,1,1,1,1,1,1,0,1,1,1,1,1,1,1,1,1,1,1,1,1,1,1,1,1
21,0,0,1,0,0,1,0,0,0,1,1,1,0,1,0,1,1,1,1,1,0,0,1,1,1,0,1,1,1,0,1,1,1,1,1
22,1,1,1,1,0,0,0,1,0,1,0,1,1,1,0,0,1,1,1,1,1,0,1,0,1,1,1,0,1,0,0,0,0,0,0
23,1,1,0,0,1,1,1,1,1,1,1,1,1,0,0,1,0,1,1,0,0,1,1,0,1,1,1,0,0,0,0,1,0,0,1
24,1,1,1,1,1,0,0,1,1,1,1,1,1,0,1,1,1,1,1,1,1,0,1,1,1,1,1,1,1,1,0,1,1,0,1
25,1,1,0,0,1,0,1,1,0,1,0,1,0,0,0,1,1,0,1,1,1,0,1,0,0,1,1,1,0,0,0,1,1,1,1
26,0,0,1,1,0,1,1,1,0,1,0,1,0,0,0,0,1,0,1,1,0,1,1,0,0,0,1,0,0,0,1,0,1,0,1
27,0,1,1,1,1,1,0,0,1,1,1,1,1,0,0,1,1,1,1,0,1,1,1,0,1,0,1,1,1,1,1,1,1,1,1
28,0,1,0,0,0,1,1,1,0,0,1,1,0,0,0,1,1,1,1,1,0,0,1,0,0,1,1,0,1,0,0,1,0,0,1
29,1,1,0,1,0,0,0,0,0,0,0,1,1,1,1,1,1,1,0,1,1,0,1,0,0,1,1,0,1,0,0,1,0,1,1
30,1,1,1,1,0,1,0,0,1,1,1,0,0,0,0,1,1,1,0,1,1,1,1,0,0,0,0,0,1,1,1,1,0,0,0
31,1,0,1,1,1,1,1,1,1,1,1,1,1,0,1,1,1,1,0,0,1,1,1,1,1,1,1,1,1,1,1,1,1,0,1
32,1,1,1,1,0,0,1,1,1,1,1,1,1,0,0,0,0,0,1,1,0,1,1,1,1,1,0,1,1,0,0,1,0,0,1
33,0,1,1,0,1,1,0,0,1,1,1,0,0,0,1,1,1,0,0,1,1,1,0,0,1,1,0,1,1,0,0,0,0,0,0
34,1,0,0,0,1,1,0,0,1,0,1,1,0,0,0,1,1,1,1,0,0,1,1,1,1,0,0,1,1,0,0,1,0,1,1
35,1,0,0,0,0,0,0,0,0,0,1,1,1,0,0,0,0,1,1,0,0,1,0,0,0,0,1,0,0,1,0,0,0,0,1
36,1,0,0,1,1,1,0,1,1,0,1,0,0,0,0,0,0,1,0,0,0,1,1,0,0,0,1,1,1,0,0,1,0,0,1
37,0,0,0,0,0,0,0,0,0,0,0,0,1,0,0,1,1,0,0,0,0,0,0,0,0,0,0,0,1,0,0,1,1,1,1
38,0,1,0,0,0,0,0,1,0,1,1,1,0,0,1,1,1,1,1,0,0,1,1,0,1,1,1,0,0,0,1,1,0,0,0
39,1,1,1,1,0,0,0,0,0,1,1,1,0,1,0,1,1,1,1,0,0,1,1,0,0,1,1,0,1,0,0,1,1,0,1
40,1,1,1,0,0,0,0,1,1,1,1,1,1,1,1,1,0,0,1,1,1,1,1,0,0,1,0,0,0,0,1,1,0,0,0
41,0,1,1,1,1,0,1,1,1,0,0,1,1,1,1,1,1,1,1,1,1,1,1,1,0,1,1,1,1,0,0,0,0,1,1
42,1,0,0,0,0,0,0,0,1,0,0,1,1,0,0,1,0,0,0,0,1,1,0,0,0,0,1,0,1,0,0,1,1,0,0
43,1,1,0,1,1,0,0,0,0,0,1,1,1,0,1,1,0,0,0,0,1,1,1,0,0,1,0,0,0,0,0,1,0,0,1
44,1,1,1,1,0,0,1,1,0,1,1,1,1,0,0,0,1,0,1,1,0,1,1,0,1,0,0,1,1,1,0,1,1,1,0
45,1,0,0,1,1,0,0,1,0,1,1,1,1,0,1,1,0,1,0,1,0,1,1,0,0,1,0,1,1,1,0,0,1,0,1
46,0,0,0,0,0,0,1,1,0,1,1,1,1,0,0,0,0,0,1,0,0,0,0,0,0,1,1,0,1,0,0,1,0,1,1
47,0,0,0,0,1,1,0,0,1,1,1,1,0,0,1,0,0,0,0,1,0,0,0,0,0,0,0,1,0,0,0,1,0,0,1
48,0,1,0,0,0,0,1,1,0,1,1,1,0,0,0,1,1,0,0,0,0,0,1,1,0,1,0,0,1,0,0,1,1,0,1
49,1,1,1,1,0,0,0,0,0,0,1,0,0,0,0,0,1,0,1,0,1,1,1,0,1,1,0,0,1,1,0,0,0,0,0
50,0,0,1,1,1,0,0,1,1,1,1,0,1,1,1,1,1,1,1,0,0,0,1,0,0,0,0,1,0,0,1,0,1,0,1
51,1,1,0,1,0,1,0,0,0,1,1,0,1,0,1,0,1,0,1,1,0,1,0,0,0,0,0,0,0,1,0,0,0,0,1
52,1,1,1,0,0,1,0,1,0,0,1,1,0,1,0,0,1,1,1,1,0,1,1,0,1,0,1,0,0,0,0,1,0,0,0
53,1,1,1,0,1,1,0,1,0,1,1,1,0,0,0,0,1,0,0,1,0,0,1,0,0,0,0,0,0,0,0,0,1,0,1
54,1,1,0,1,0,1,0,1,1,1,0,0,0,0,1,1,1,0,0,1,0,0,1,0,0,0,0,0,1,0,1,1,0,1,1
55,1,1,1,0,0,1,0,1,1,1,1,0,1,0,1,1,1,1,1,1,1,1,0,1,0,1,1,0,1,0,0,0,1,1,0
56,1,1,1,0,0,0,0,1,1,1,1,1,1,1,0,1,1,0,1,1,1,1,1,1,1,0,1,0,1,1,1,1,0,0,1
57,0,1,1,1,1,1,1,1,1,1,1,1,1,1,1,1,1,1,1,1,1,1,1,1,0,1,1,1,1,1,0,1,0,0,1
58,0,0,1,1,0,0,1,0,0,0,0,0,0,0,1,0,0,1,1,1,0,1,1,0,0,1,0,0,1,0,1,0,1,0,0
59,1,1,1,1,1,1,1,1,1,1,1,1,1,1,1,1,1,1,1,1,1,1,1,1,1,0,1,1,1,0,0,1,1,1,1
60,1,0,0,0,0,0,0,0,0,1,0,1,0,0,1,1,0,0,0,1,0,1,1,0,0,0,0,1,0,1,0,1,1,0,1
61,1,0,1,0,0,1,1,1,0,1,1,1,1,0,1,1,0,0,1,0,1,1,1,1,1,1,1,1,1,0,0,1,0,0,1
62,1,1,1,1,1,1,1,1,1,1,1,1,1,1,0,1,1,1,1,1,1,1,1,0,1,1,1,1,1,1,1,1,1,1,1
63,1,1,1,1,1,0,1,0,0,1,1,0,1,0,1,1,0,1,0,1,0,1,1,0,1,0,1,0,1,1,1,0,1,0,1
64,1,0,1,0,0,0,0,0,0,1,1,1,1,0,1,0,1,1,1,0,0,1,1,0,1,1,0,0,1,0,1,1,1,0,0
65,1,1,1,0,0,1,0,0,0,1,1,1,0,0,1,1,1,1,0,1,0,0,1,0,0,0,0,0,0,1,0,1,1,1,0
66,1,0,1,1,1,1,1,1,1,1,1,1,1,1,1,1,1,1,1,1,1,1,0,0,1,1,1,1,1,1,1,0,0,1,0
67,0,0,0,1,0,0,0,1,0,0,0,0,0,0,0,1,0,0,0,0,0,1,1,0,0,0,1,0,0,0,0,1,0,0,0
68,1,1,1,1,1,1,1,1,0,1,1,1,1,1,1,1,1,1,1,1,1,1,1,1,1,1,0,1,1,0,1,1,1,1,1
69,1,1,1,1,1,1,0,1,0,1,1,0,1,1,0,1,1,1,1,1,1,1,1,1,1,1,1,1,1,1,0,1,1,0,1
70,1,1,1,1,1,0,0,1,1,1,1,1,0,1,0,1,1,1,1,0,0,1,1,1,1,1,1,1,1,0,1,1,0,1,0
71,1,0,0,1,0,0,1,1,1,0,0,1,0,0,0,0,1,1,1,0,0,1,1,1,0,1,1,0,1,0,1,1,1,0,1
72,0,1,1,1,1,0,1,0,1,1,1,1,1,0,0,1,1,1,0,1,0,1,1,0,0,1,1,1,0,1,1,1,1,1,0
73,1,1,0,0,0,0,0,0,0,1,0,0,1,1,0,0,1,1,0,1,0,1,1,0,0,1,1,1,0,1,1,1,0,0,1
74,1,1,1,1,0,1,0,1,0,1,1,0,0,0,1,1,1,1,1,1,1,1,1,0,0,1,1,1,1,1,1,1,0,1,1
75,1,1,1,1,1,1,1,1,1,1,1,1,1,1,1,1,1,1,1,1,1,1,1,1,1,1,1,1,1,1,1,1,1,1,1
76,1,1,1,1,0,0,0,1,0,0,1,0,0,1,1,1,1,1,1,1,0,1,1,0,1,0,0,1,0,0,0,1,1,0,0
77,0,1,1,1,0,0,0,1,1,1,0,0,0,0,1,1,0,1,0,0,0,0,1,0,1,1,1,0,0,0,0,1,0,0,1
78,1,0,0,1,0,0,0,0,0,0,1,0,1,0,0,0,0,1,0,0,0,1,1,0,1,1,0,1,0,0,0,1,1,0,1
79,0,1,1,1,0,0,0,1,1,1,1,1,1,0,1,1,1,1,1,1,1,1,1,1,0,1,1,1,0,0,0,0,0,0,1
80,1,0,1,1,0,1,1,0,0,1,1,1,1,1,1,0,1,1,1,0,1,1,1,0,0,1,1,0,1,0,0,0,0,0,0
81,0,1,0,1,1,1,1,0,0,0,1,1,0,0,1,1,1,1,1,1,0,0,1,1,1,1,1,1,0,0,0,0,1,0,0
82,1,1,0,0,1,0,0,1,1,1,1,1,1,0,1,1,1,1,1,1,1,0,1,0,0,1,1,1,1,0,0,1,0,0,1
83,0,1,0,0,1,0,0,0,1,1,0,1,1,0,1,1,0,0,0,0,0,0,1,0,1,0,0,1,0,0,0,1,0,0,0
84,1,1,1,1,0,0,0,1,0,0,1,0,0,0,0,1,1,1,1,1,0,1,1,0,1,1,1,0,0,0,0,1,1,0,1
85,0,1,1,1,1,1,0,1,1,1,1,1,1,0,0,1,1,0,1,1,1,1,1,1,0,1,1,1,1,0,1,0,1,1,1
86,1,1,1,0,1,0,0,1,1,1,0,1,0,1,1,1,1,0,1,0,0,1,1,1,1,0,0,0,0,1,0,1,1,1,1
87,1,1,1,1,1,1,0,1,1,1,1,0,0,0,0,1,1,1,1,1,1,1,1,1,0,0,1,0,0,1,0,0,1,0,1
88,1,1,0,1,0,0,0,1,1,1,1,1,1,0,0,1,1,0,0,0,0,1,1,0,0,0,0,0,0,1,0,1,1,0,0
89,0,0,0,1,0,0,1,1,1,1,0,1,0,1,0,1,1,1,0,0,1,1,1,0,0,1,0,1,1,1,0,1,1,1,1
90,0,0,0,0,1,0,1,0,0,0,0,0,0,0,0,0,1,1,1,1,1,1,1,0,0,1,1,1,0,0,0,1,0,0,0
91,1,1,1,1,1,1,1,0,0,0,1,1,1,1,1,1,1,0,1,1,1,1,1,1,0,0,1,1,0,0,0,1,0,0,1
92,1,1,0,1,1,1,1,0,0,1,1,1,1,1,1,1,0,1,1,1,1,1,1,1,1,1,1,0,0,1,0,1,1,0,1
93,1,1,1,1,1,1,1,1,1,1,1,1,0,1,1,1,1,1,1,1,0,1,1,1,0,1,1,1,1,0,1,1,0,1,1
94,0,0,1,1,1,1,0,1,1,1,1,1,1,0,1,1,1,1,1,1,0,1,1,1,1,1,1,1,1,1,1,1,1,1,1
95,1,1,1,1,0,1,0,0,0,0,0,0,1,0,0,1,1,1,0,0,1,0,1,1,1,0,1,1,0,1,1,0,0,0,1
96,1,0,0,0,0,1,1,1,1,1,0,1,1,1,1,0,1,1,0,1,1,1,1,0,0,1,1,1,1,0,0,1,1,0,1
97,1,1,0,1,0,0,0,0,1,1,0,1,0,0,1,1,1,1,1,1,1,1,1,0,1,0,1,0,0,0,0,0,0,0,1
98,1,1,1,1,1,1,1,1,0,1,1,1,1,1,0,1,1,1,0,1,0,1,1,1,1,1,1,1,1,0,0,1,1,0,1
99,1,0,0,1,1,1,1,1,1,0,1,0,1,1,0,1,1,1,1,0,1,1,1,0,1,1,1,0,1,1,0,1,1,1,0
100,1,1,0,1,1,1,1,1,0,1,1,1,1,1,1,1,1,1,1,0,1,1,1,1,1,1,1,1,0,1,1,1,1,1,1
101,1,1,1,1,0,0,0,1,1,1,1,1,0,1,0,1,1,1,1,1,1,1,1,1,1,1,1,1,0,1,1,1,0,0,1
102,0,1,1,1,0,0,1,0,1,1,0,1,0,1,0,0,0,0,0,0,0,0,1,0,0,1,1,1,1,0,0,0,0,0,1
103,0,1,1,0,0,0,1,1,1,0,0,0,0,0,0,1,0,1,1,1,1,1,1,1,1,1,1,0,1,1,0,1,0,0,1
104,1,0,0,0,1,0,0,1,1,0,1,1,0,0,0,1,1,1,1,0,0,1,1,1,1,1,0,0,0,0,0,1,1,0,1
105,1,0,1,1,0,0,0,0,1,0,0,1,0,0,1,1,1,0,1,0,1,1,1,0,0,1,1,1,0,0,1,1,0,1,1
106,1,0,1,0,1,0,1,1,0,0,1,1,0,1,1,0,1,1,1,1,0,0,1,0,0,1,0,1,1,1,0,0,1,0,1
107,0,0,0,0,0,0,1,0,0,0,0,1,1,0,1,0,0,1,0,0,1,0,0,0,0,1,0,1,0,0,0,1,0,0,0
108,1,1,1,0,1,1,0,1,0,1,1,1,1,0,1,1,0,1,1,0,1,1,1,0,1,0,1,1,0,0,1,1,0,0,1
109,0,1,1,1,0,1,1,1,1,0,1,0,1,1,0,1,0,1,1,0,1,1,1,1,1,0,1,0,0,1,1,1,0,0,1
110,1,0,1,0,1,0,0,1,0,1,1,1,1,0,1,1,1,0,1,0,1,1,1,0,0,1,1,1,1,1,1,0,1,0,1
111,1,0,0,1,1,1,1,1,1,1,1,1,0,0,1,1,1,0,1,0,0,0,1,0,0,1,1,1,0,1,1,1,0,1,0
112,1,0,0,1,0,1,0,1,0,1,1,1,0,1,0,0,1,0,0,0,1,1,1,0,0,0,1,1,0,0,1,1,0,0,0
113,0,0,0,1,1,0,0,1,0,0,0,1,0,0,0,0,1,1,1,1,0,1,1,0,0,0,0,0,0,0,0,1,0,1,1
114,1,1,1,1,1,1,0,1,1,1,1,1,0,0,0,1,1,1,1,1,1,0,1,0,1,1,1,1,1,0,1,1,1,1,0
115,1,1,0,1,0,1,1,1,0,1,1,0,1,0,0,1,1,1,1,0,1,1,1,0,1,1,1,1,0,0,0,1,1,0,1
116,1,0,0,1,1,1,1,1,1,1,0,1,1,1,1,0,1,1,1,0,0,1,1,1,1,1,1,0,1,0,1,1,1,0,1
117,1,0,0,0,0,0,0,0,0,0,0,1,0,0,0,0,0,1,1,0,0,1,1,0,0,0,1,1,0,0,1,0,1,1,0
118,1,0,0,0,1,1,1,1,0,1,1,1,0,0,1,1,1,1,1,0,1,1,1,0,1,1,0,1,1,1,0,1,0,1,1
119,1,1,1,1,1,1,0,1,1,1,1,1,1,1,0,1,1,1,1,1,1,1,1,0,0,0,1,0,0,0,1,1,1,1,1
120,1,1,0,1,0,1,1,1,0,0,1,1,0,1,1,1,1,1,1,0,1,1,1,0,0,1,1,1,0,1,1,1,0,0,1
121,1,1,0,0,1,1,0,1,0,1,1,1,0,1,0,1,1,0,1,1,1,0,1,0,1,1,1,1,0,0,0,0,0,1,1
122,0,1,0,1,1,0,1,0,1,0,1,1,1,0,0,1,0,1,1,0,0,1,1,1,1,1,1,1,1,0,0,1,1,0,1
123,1,1,1,1,1,1,0,1,1,1,1,1,0,1,1,1,1,1,1,1,1,1,1,1,1,1,1,1,1,0,0,1,1,1,1
124,1,1,1,1,1,1,1,1,1,0,0,1,0,0,0,1,1,0,0,1,1,1,1,1,1,1,1,1,1,1,0,1,0,1,1
125,1,1,1,1,1,0,1,1,1,1,1,1,1,1,0,1,1,1,1,1,1,1,1,0,1,1,1,1,0,1,0,1,1,1,1
126,1,1,0,1,0,1,0,1,0,1,1,1,1,1,1,1,0,1,1,1,1,1,1,0,0,1,1,1,1,1,0,1,0,1,1
127,1,1,0,0,0,1,0,1,1,0,1,1,0,0,1,0,0,0,1,0,0,0,1,0,0,1,0,1,1,1,0,1,0,0,1
128,1,0,0,0,1,0,0,0,0,1,0,0,1,0,0,0,1,1,1,0,0,1,0,1,1,1,0,0,0,1,0,0,0,1,1
129,0,0,0,1,1,0,1,1,0,1,1,1,0,0,1,1,0,0,0,0,0,0,1,0,0,0,1,1,0,1,0,0,0,0,1
130,1,0,0,0,0,1,0,1,1,0,1,1,1,0,0,1,1,1,1,1,0,1,1,0,1,1,0,1,1,0,0,1,0,0,1
131,1,1,1,1,1,0,1,1,1,0,1,1,1,1,1,1,1,1,1,0,1,1,1,0,1,1,1,0,1,1,1,1,0,1,1
132,1,0,0,1,0,1,1,1,1,1,1,0,1,0,1,1,0,1,1,1,1,1,1,1,1,0,0,1,0,1,0,1,1,0,1
133,0,1,0,0,0,1,0,1,0,0,1,1,0,0,0,1,1,0,0,0,0,1,1,0,0,1,0,1,0,1,0,0,0,0,0
134,0,1,1,1,1,0,1,0,0,1,0,1,0,1,0,1,1,1,1,1,0,1,1,0,1,0,1,1,1,1,0,1,0,0,0
135,1,0,0,0,0,0,0,0,1,1,1,0,0,0,0,1,0,1,0,0,0,1,1,0,1,1,1,1,0,0,0,1,1,0,0
136,1,0,1,1,0,0,0,1,1,1,1,1,1,0,1,1,0,0,0,0,0,1,1,0,0,1,1,1,1,0,0,1,1,0,1
137,1,1,0,1,1,0,0,1,1,1,0,1,1,1,0,1,1,1,1,1,1,1,0,0,1,1,1,1,1,1,0,1,1,0,1
138,1,0,0,0,0,0,1,0,0,0,1,0,0,0,0,0,0,0,0,0,0,0,1,0,0,0,0,0,1,0,0,0,0,0,0
139,1,1,1,1,1,1,0,1,1,1,1,1,1,0,1,1,1,1,1,1,1,1,1,1,0,1,1,1,1,0,0,1,0,1,1
140,0,1,0,0,0,1,1,1,1,1,0,0,0,1,1,0,0,1,0,0,0,1,1,1,0,1,1,0,0,0,0,1,0,0,0
141,1,1,1,0,0,1,0,1,0,0,1,1,1,1,1,0,0,0,0,1,0,0,1,0,0,0,1,0,1,1,0,0,1,0,0
142,1,1,1,1,1,1,1,1,1,1,1,1,1,1,0,1,1,1,1,0,1,1,1,1,1,1,1,1,1,1,1,1,1,1,1
143,1,1,1,1,1,0,1,1,1,0,0,0,1,1,0,1,1,1,1,1,1,1,1,0,1,1,1,1,1,0,0,0,0,1,1
144,1,1,1,1,1,0,0,1,0,1,1,1,1,1,1,1,0,0,1,1,1,1,1,0,1,1,0,1,0,0,0,1,1,1,1
145,1,1,0,1,1,0,0,1,1,1,1,1,0,1,1,1,1,1,1,0,1,1,1,1,1,1,1,0,1,1,0,1,1,1,1
146,1,1,1,1,0,0,0,1,0,1,1,1,0,0,1,1,1,1,0,0,1,1,1,1,0,0,1,1,1,0,0,1,0,1,1
147,1,1,1,1,1,0,0,1,1,1,1,1,1,1,1,1,1,1,1,0,0,1,1,1,0,1,1,1,1,1,1,1,1,1,1
148,1,1,0,1,1,0,0,0,1,1,1,0,1,1,1,1,1,1,1,0,1,1,1,0,1,1,1,0,1,1,0,0,1,0,1
149,1,1,1,1,0,0,0,1,1,1,1,1,0,1,0,0,1,1,1,1,1,1,1,0,1,1,1,1,1,0,0,1,0,1,1
150,1,1,1,0,1,0,1,1,0,1,0,1,0,1,0,1,1,1,1,0,0,1,1,0,1,1,1,1,1,1,0,0,0,1,1
151,1,1,0,1,0,0,0,1,0,1,1,1,1,1,0,1,0,1,0,0,1,1,1,1,0,1,1,1,0,0,1,1,1,0,1
152,1,1,1,1,1,1,0,1,0,0,1,1,1,1,0,1,1,0,1,1,1,1,1,1,1,1,1,0,1,0,1,1,0,0,1
153,1,1,1,1,0,0,0,0,1,0,1,1,1,1,1,1,1,1,1,1,1,1,1,1,1,1,1,1,1,1,0,1,0,0,1
154,0,0,0,1,0,1,0,0,1,0,1,1,0,0,0,0,1,1,0,0,0,1,1,0,0,1,1,1,1,0,0,0,1,0,1
155,0,0,0,1,1,1,1,0,1,1,1,1,1,0,1,1,1,1,1,1,0,1,1,1,0,1,1,0,1,0,1,1,0,1,1
156,1,1,0,1,1,1,1,1,1,1,0,1,1,1,1,1,1,1,1,0,0,1,1,1,0,1,1,1,1,1,1,1,1,1,1
157,1,0,1,1,0,0,1,1,0,1,1,1,1,1,1,1,0,1,1,1,1,1,1,1,1,1,1,1,1,0,1,1,1,0,1
158,1,1,0,1,0,0,0,0,0,0,1,1,1,1,1,1,1,1,1,1,0,1,1,1,0,0,0,0,1,0,0,1,1,0,0
159,0,0,0,1,1,1,0,0,0,0,1,1,0,1,0,1,0,0,0,0,0,1,1,0,0,0,0,0,0,1,0,1,0,1,0
160,0,0,0,1,1,0,0,1,1,1,0,1,0,0,0,1,1,1,0,0,0,0,1,0,1,1,1,1,0,1,0,1,0,1,1
161,0,1,1,0,0,0,0,1,1,0,0,1,1,1,0,1,1,1,0,1,0,1,1,1,0,0,0,0,0,1,1,1,0,0,1
162,0,0,0,1,1,0,0,1,1,1,1,0,1,1,0,1,1,1,0,0,1,0,0,0,1,1,0,1,0,0,1,1,0,1,1
163,0,0,0,1,0,1,0,1,1,1,1,1,0,1,1,1,0,0,1,0,1,1,1,1,1,1,0,1,0,1,0,1,0,0,0
164,1,0,0,0,1,1,0,1,0,1,1,1,1,0,1,1,1,1,0,0,0,1,1,1,1,1,1,1,1,1,0,0,1,1,0
165,1,1,0,1,0,1,1,0,1,1,1,1,1,0,1,1,1,1,1,1,1,1,1,1,1,1,1,1,0,1,0,1,1,1,1
166,1,1,1,1,1,1,0,1,1,0,0,1,1,1,0,1,0,1,1,1,1,1,1,1,1,0,1,1,1,1,0,1,1,1,1
167,1,1,1,1,1,0,0,1,1,1,1,0,0,1,1,1,1,1,1,1,1,1,1,1,1,1,1,1,1,1,1,0,0,1,1
168,1,0,0,1,1,0,1,1,0,1,1,1,0,1,1,1,0,0,0,1,0,1,1,1,1,1,0,0,1,0,0,1,1,0,1
169,0,1,0,0,1,0,1,1,1,1,0,1,1,0,0,1,1,1,0,0,0,1,1,1,0,1,1,1,1,0,0,1,1,0,0
170,1,1,1,1,1,0,0,1,1,1,1,1,1,1,1,1,1,1,1,1,1,1,1,1,1,1,1,1,0,0,1,1,1,0,1
171,1,1,1,1,0,0,1,1,1,1,1,1,1,0,0,1,1,1,1,1,1,1,1,0,1,1,1,1,1,1,1,1,0,1,1
172,1,0,1,1,1,1,1,1,0,0,1,1,0,1,0,1,1,1,0,1,0,0,1,1,0,1,1,1,1,0,0,1,0,1,1
173,1,1,1,0,1,0,1,1,1,1,1,1,1,0,0,1,0,0,1,1,1,1,1,0,0,1,1,0,0,1,1,0,1,1,0
174,1,0,0,0,0,0,0,0,0,1,0,1,0,1,0,0,1,0,0,0,0,0,0,0,0,1,0,0,0,0,0,0,0,0,0
175,1,1,1,1,1,1,1,1,1,1,1,1,1,1,0,1,1,1,1,1,1,1,1,0,1,1,1,0,0,1,1,1,1,1,1
176,1,1,1,1,0,1,0,1,1,1,1,1,0,0,1,1,1,1,0,0,0,0,1,0,0,0,0,0,0,0,1,1,1,0,1
177,1,0,0,1,0,0,0,0,0,1,0,0,0,0,0,1,0,1,0,0,0,0,1,1,1,0,0,0,0,0,0,0,1,1,0
178,1,1,1,1,1,1,1,1,1,1,1,1,1,1,1,1,1,1,1,1,1,1,1,1,1,1,1,0,1,1,1,1,1,1,1
179,1,1,0,1,0,1,1,1,1,1,0,1,1,1,0,1,1,1,1,1,1,1,0,1,1,0,1,1,1,0,0,0,1,0,1
180,1,0,1,1,1,1,0,1,1,0,1,1,1,0,1,1,1,1,1,0,1,1,1,0,1,1,1,0,0,1,1,0,1,0,1
181,0,0,0,1,0,0,0,0,0,0,0,0,0,0,0,0,0,0,0,0,0,1,0,0,0,0,0,0,0,0,0,0,0,0,0
182,1,0,1,0,1,0,0,1,0,1,1,0,0,1,1,0,1,1,1,0,0,1,1,0,0,1,1,1,1,0,1,1,1,1,1
183,1,1,1,1,1,1,0,1,1,1,1,1,1,1,0,1,1,1,1,1,1,1,1,1,1,1,1,1,1,1,1,1,1,0,1
184,1,1,1,1,1,1,0,1,0,1,1,0,1,0,1,1,1,1,1,1,0,1,1,0,0,0,1,1,0,0,1,0,1,0,1
185,1,1,1,1,1,1,0,1,0,1,1,1,1,0,1,1,1,1,1,0,0,0,1,1,1,1,1,1,0,1,0,1,0,1,1
186,1,1,0,1,1,1,0,0,1,1,1,1,1,1,0,1,1,1,1,1,0,1,1,1,1,1,1,1,1,1,1,1,1,1,1
187,1,1,1,1,1,0,1,0,1,1,1,1,1,0,0,1,1,1,1,1,0,1,1,0,1,1,0,1,0,1,1,1,1,1,1
188,1,0,1,0,1,1,0,1,1,1,0,1,0,1,1,0,1,1,1,1,0,1,1,0,0,1,1,0,0,0,0,1,0,1,1
189,1,1,0,1,1,1,0,1,0,1,1,1,1,1,0,0,1,1,1,1,1,1,1,1,0,1,1,1,0,1,1,1,1,0,1
190,1,1,0,0,0,0,1,0,1,0,1,0,1,0,0,1,0,1,0,0,1,1,1,0,0,1,1,1,0,1,0,0,0,0,1
191,1,1,1,1,1,0,0,1,1,0,1,1,1,1,0,1,1,1,0,0,0,1,1,0,1,0,1,0,0,0,0,1,0,1,1
192,0,1,0,0,0,0,0,0,0,0,0,1,1,0,0,0,0,0,0,0,0,0,0,0,0,0,0,0,0,0,0,0,0,0,0
193,1,1,0,0,0,1,1,1,1,0,0,1,1,0,1,1,1,1,0,1,1,1,0,1,1,0,1,0,1,0,1,1,1,0,0
194,1,1,1,1,1,0,1,0,1,1,0,1,1,1,1,1,1,1,1,1,1,1,1,1,1,1,1,1,1,0,1,1,0,1,1
195,1,1,1,0,1,0,1,1,1,1,1,1,1,1,1,1,1,1,1,0,1,1,1,1,1,1,1,1,1,1,1,1,1,1,1
196,1,1,1,0,0,0,0,1,1,1,1,1,1,1,0,1,1,1,1,1,0,1,1,1,0,1,1,1,1,1,0,1,1,1,1
197,1,0,0,0,1,1,1,1,1,1,1,1,1,0,0,1,1,0,1,0,1,1,1,1,0,1,1,1,1,1,1,0,1,1,1
198,0,0,0,1,0,0,0,1,1,0,0,1,1,0,0,1,1,0,1,0,0,0,0,0,1,1,0,1,0,1,0,0,1,0,0
199,1,1,0,0,1,1,1,1,0,1,1,1,0,0,0,1,1,1,0,1,1,1,1,1,1,0,1,1,0,0,0,1,1,0,0
200,1,1,0,0,0,0,1,0,0,0,0,1,0,0,0,0,1,0,0,0,0,0,0,0,0,0,0,1,1,1,0,0,0,0,1
201,1,0,0,1,0,1,1,1,0,1,0,1,0,0,1,1,1,1,1,0,1,1,1,1,0,1,1,1,1,1,0,1,1,1,1
202,0,1,1,1,1,0,1,0,1,0,1,1,1,1,1,1,1,1,1,1,1,1,1,1,0,1,1,1,1,1,1,1,1,1,0
203,0,1,1,0,1,1,1,0,1,1,0,1,1,1,0,1,1,1,1,0,0,1,1,0,0,0,1,1,1,1,1,1,1,1,1
204,1,1,1,1,1,1,1,1,1,1,1,1,0,1,0,1,1,1,1,1,0,1,1,0,1,1,1,1,0,1,0,1,1,1,1
205,1,1,1,1,1,0,0,1,0,1,1,1,1,1,1,1,0,1,1,0,0,0,1,0,1,1,1,0,1,1,0,1,1,0,0
206,1,1,1,1,0,1,1,1,1,1,0,1,1,1,1,1,1,1,1,0,1,0,1,1,0,0,1,1,0,1,1,1,1,1,1
207,1,1,1,1,0,1,1,1,1,1,0,1,0,1,1,1,1,1,1,1,0,1,1,1,1,1,1,1,1,1,1,0,1,1,1
208,1,1,0,1,1,1,1,1,1,1,0,1,0,1,0,1,1,1,1,1,1,0,1,1,1,1,1,0,1,0,1,1,1,0,1
209,1,1,1,1,1,1,0,1,0,1,1,1,1,1,0,1,1,1,1,1,1,1,1,1,1,1,1,1,1,1,0,1,1,0,1
210,1,0,0,0,1,0,0,1,1,1,0,0,0,1,1,1,0,1,1,0,0,1,0,1,0,1,1,1,1,0,0,0,0,0,0
211,1,0,1,0,1,1,0,1,1,1,1,1,1,1,1,1,1,1,1,1,1,1,1,1,0,1,1,1,1,1,0,1,1,0,0
212,1,0,1,1,0,0,0,1,1,0,1,1,1,1,0,1,1,1,1,0,0,0,1,1,0,1,1,0,1,0,1,1,1,1,1
213,1,1,1,1,1,1,0,1,1,1,1,1,1,1,0,1,1,1,1,1,0,1,1,1,1,1,1,1,1,1,1,1,1,1,1
214,1,0,0,0,0,0,0,0,0,1,0,1,0,1,0,1,1,1,0,0,0,1,1,0,1,0,0,0,0,0,0,0,0,0,0
215,1,1,0,1,0,0,0,1,1,1,1,1,0,0,0,1,1,1,1,0,0,1,0,0,0,1,1,0,0,0,0,1,1,1,1
216,0,0,1,1,1,1,1,1,1,1,1,1,1,0,1,1,0,1,1,1,0,0,1,0,0,1,1,0,0,1,1,1,0,1,1
217,0,1,1,1,0,0,1,1,1,1,1,1,1,0,0,1,1,1,1,0,0,0,1,0,1,1,1,0,1,1,1,1,1,0,1
218,0,0,1,0,0,1,0,1,0,1,1,1,1,1,0,0,1,1,0,0,0,0,1,0,1,0,1,1,0,0,1,0,0,0,1
219,1,1,0,1,1,0,0,1,1,1,1,1,1,1,1,1,1,0,0,1,0,1,1,0,0,0,1,0,0,0,0,1,0,0,0
220,1,0,1,0,0,0,0,1,1,1,1,1,0,0,1,1,0,1,1,0,1,1,1,1,1,1,1,1,1,0,0,1,0,0,1
221,1,1,1,1,1,1,1,1,1,1,1,1,1,0,1,1,1,1,1,0,1,1,1,1,1,1,1,1,1,0,1,1,1,0,1
222,1,1,1,1,0,0,1,1,1,0,1,1,0,1,0,1,1,1,1,1,1,1,1,1,1,1,1,1,1,1,0,1,1,1,1
223,1,1,1,1,1,1,1,1,1,1,0,1,1,1,1,1,1,1,1,1,1,1,1,1,1,1,1,1,1,1,1,1,1,1,1
224,1,1,1,0,0,0,1,1,1,0,1,1,1,1,0,1,0,1,1,1,1,1,1,0,1,1,1,1,1,1,1,1,1,1,1
225,1,1,1,1,1,0,1,1,1,0,1,0,1,0,0,1,0,1,0,1,0,1,1,1,0,0,1,1,1,1,0,0,1,0,1
226,0,1,1,0,0,1,1,0,0,1,1,1,0,1,1,1,1,1,1,1,0,1,1,0,0,1,0,1,1,0,1,1,0,1,1
227,1,1,1,1,1,1,1,1,1,1,1,1,1,0,1,1,1,1,1,1,1,1,1,1,1,1,1,1,1,1,1,1,1,1,1
228,1,1,0,1,1,1,0,1,1,1,1,1,1,0,1,0,0,1,1,1,0,1,1,0,0,1,1,1,1,1,1,1,1,0,1
229,1,0,0,1,0,1,0,1,0,1,1,1,1,0,0,0,1,0,0,0,0,0,0,1,0,1,1,0,1,0,1,1,1,0,0
230,1,0,0,1,0,1,1,1,0,1,1,1,0,0,1,1,1,1,1,1,0,1,1,0,1,0,0,1,1,0,0,1,1,1,0
231,1,1,0,1,1,1,1,0,1,1,1,1,0,0,1,1,0,1,1,0,0,0,1,1,1,1,1,0,0,1,0,1,1,0,0
232,1,1,0,0,0,1,0,1,0,1,1,1,0,0,1,1,1,1,1,1,1,1,0,0,0,1,1,1,0,1,0,1,0,0,0
233,1,1,0,1,0,1,1,0,0,1,1,1,1,0,1,1,1,1,0,0,0,1,1,0,0,1,0,1,0,0,0,0,0,0,1
234,1,1,1,0,0,0,1,1,0,1,1,0,1,1,0,1,0,1,1,0,1,1,1,0,1,1,1,0,0,0,0,1,0,0,1
235,1,1,1,0,0,1,1,1,0,1,0,1,1,1,1,1,0,1,1,0,1,1,1,0,1,1,1,1,0,0,1,1,0,0,1
236,0,1,1,0,1,0,0,0,0,1,1,1,1,0,0,1,0,1,0,0,0,1,1,0,1,0,0,1,0,0,0,0,0,1,1
237,0,0,0,0,0,1,0,1,0,0,0,0,1,0,0,0,0,1,0,0,0,0,0,0,0,0,0,0,0,1,0,0,0,0,0
238,1,0,1,1,0,0,1,1,1,1,1,1,1,0,0,1,1,0,0,1,1,1,1,1,1,1,1,1,0,0,1,1,1,0,1
239,1,0,0,0,0,1,0,1,1,0,1,1,1,1,1,1,0,1,1,1,1,1,1,0,1,0,1,1,1,1,0,0,1,1,1
240,0,1,1,0,0,0,0,0,1,1,1,1,1,1,1,1,1,0,1,1,1,1,1,1,0,1,1,1,0,0,0,1,0,0,1
241,1,1,0,1,0,0,0,1,0,1,1,1,1,1,1,1,0,0,0,1,0,1,1,1,0,0,0,1,1,1,0,1,1,1,0
242,1,1,1,1,1,0,1,1,1,0,1,1,0,0,1,1,1,1,1,1,0,1,1,1,1,1,0,1,1,0,1,1,0,1,0
243,1,0,0,1,0,0,1,1,1,0,1,0,0,0,0,0,1,0,0,0,0,1,1,0,0,0,0,0,1,0,0,1,1,1,1
244,1,1,0,1,1,0,0,1,1,1,1,1,0,0,1,0,1,1,1,1,0,1,1,1,0,0,1,1,1,1,0,1,1,1,0
245,0,1,0,0,1,1,1,1,0,1,1,1,1,1,1,1,1,1,1,1,1,1,1,1,0,1,1,1,1,0,1,1,1,0,1
246,1,0,1,0,0,1,1,0,1,1,1,1,1,1,0,1,1,1,0,1,1,0,1,1,1,1,1,0,0,0,1,0,1,0,1
247,1,1,1,1,1,1,0,1,1,1,1,1,0,1,1,1,1,1,1,1,1,1,1,0,1,1,1,0,1,1,1,1,0,1,1
248,0,0,1,1,1,0,1,1,1,1,1,1,0,1,1,1,1,1,1,0,0,1,1,1,1,1,1,0,1,0,1,1,1,1,1
249,1,1,0,1,1,0,0,0,1,1,0,0,1,0,0,1,1,1,1,1,0,1,1,0,1,1,1,1,1,1,0,1,0,0,1
250,1,1,1,1,1,1,0,1,1,0,0,1,0,1,1,0,0,1,1,1,0,1,1,0,0,1,1,1,0,1,0,0,1,0,0
251,1,0,1,1,1,1,0,1,1,1,1,1,1,1,0,1,0,1,0,1,1,1,1,1,0,1,1,1,1,1,0,1,1,1,1
252,1,1,1,1,1,1,0,0,1,0,1,1,1,1,1,1,1,1,1,1,0,0,1,1,1,1,0,1,1,1,1,1,1,1,0
253,1,0,1,1,1,1,0,0,1,1,1,1,1,1,1,1,0,0,1,0,0,1,1,1,1,0,1,0,1,1,0,0,0,1,1
254,1,1,0,0,1,1,1,1,0,1,1,1,0,1,1,1,1,1,1,1,0,1,1,1,0,1,1,1,1,1,1,1,1,0,1
255,1,0,1,1,0,1,0,1,0,1,0,1,1,0,0,1,1,1,0,1,0,0,1,0,0,1,0,0,0,0,0,0,0,1,1
256,1,1,0,1,1,1,0,1,1,1,0,1,1,0,1,0,1,0,1,1,1,1,1,0,1,1,1,0,0,0,0,1,0,0,1
257,1,1,1,1,1,1,1,1,1,1,1,1,1,1,0,1,1,1,0,1,1,1,1,1,1,0,1,1,1,1,0,1,1,1,1
258,0,0,1,1,1,0,0,0,0,0,0,0,0,0,0,1,0,0,1,1,0,0,1,0,0,1,0,1,0,0,1,1,1,0,1
259,1,1,0,0,1,0,1,1,1,1,1,0,0,0,1,1,0,1,1,1,1,1,1,1,0,1,1,1,1,0,0,0,1,0,1
260,1,1,0,1,1,1,1,0,1,1,1,1,1,1,1,1,1,1,1,1,1,1,1,1,0,1,1,1,1,0,0,1,1,0,1
261,1,1,1,1,1,0,1,1,1,1,1,1,0,1,1,1,1,1,0,0,1,1,1,0,1,1,1,1,1,1,1,1,0,1,0
262,1,1,0,1,0,0,0,1,1,0,0,1,1,1,0,1,1,1,0,1,1,1,1,1,0,1,1,1,0,0,1,1,0,0,0
263,1,1,0,1,0,0,0,1,1,1,1,1,0,0,1,0,1,0,1,1,0,0,1,1,0,0,0,1,1,0,1,1,1,0,1
264,0,1,1,0,0,1,1,0,0,1,1,0,0,0,0,0,1,1,0,0,0,0,1,0,0,1,1,0,0,0,0,1,1,0,1
265,1,1,1,0,1,0,0,0,1,1,1,1,1,1,1,1,1,1,1,1,0,1,1,1,1,1,1,0,1,0,0,1,0,1,0
266,1,1,1,1,0,0,0,1,1,1,1,1,0,1,0,1,1,1,1,1,1,0,1,1,0,1,0,1,1,0,1,0,0,0,1
267,1,1,0,1,1,0,0,1,0,1,0,1,1,0,1,1,1,1,0,0,1,1,0,0,0,1,1,1,1,0,1,1,0,0,0
268,1,0,1,1,0,1,0,0,1,1,0,1,0,0,1,0,1,1,0,1,0,0,1,1,0,1,1,0,0,0,0,1,0,0,1
269,0,1,0,1,1,1,0,1,1,1,1,1,0,1,0,0,0,1,0,0,0,1,1,0,0,1,1,1,1,0,1,1,1,0,0
270,1,1,0,1,1,1,1,1,1,1,1,1,0,1,1,1,1,1,1,1,1,1,1,1,1,1,1,1,1,0,1,1,1,0,0
271,1,1,0,1,1,0,0,0,0,0,0,0,1,1,1,1,0,1,1,0,0,0,1,1,1,1,0,0,1,1,1,0,0,0,1
272,1,1,1,1,1,1,1,1,1,1,1,1,1,1,1,1,1,1,1,1,1,1,1,0,0,1,1,1,1,1,1,1,1,1,1
273,1,1,1,1,1,1,1,1,0,1,1,1,1,1,0,1,0,0,0,1,0,1,1,1,1,0,1,0,1,1,1,1,1,0,0
274,0,1,0,1,1,1,0,1,1,1,1,1,1,0,1,1,1,1,1,1,0,1,1,1,0,1,1,1,1,0,0,1,0,1,1
275,1,1,1,1,0,1,1,1,1,1,1,1,1,1,1,1,1,1,1,1,1,1,1,1,1,1,1,1,0,1,1,1,1,1,1
276,1,0,0,1,0,0,0,1,0,1,1,1,0,0,0,1,1,1,1,0,1,1,1,0,0,1,1,0,1,1,0,1,0,0,1
277,0,1,1,1,1,1,1,1,1,1,1,1,0,1,1,1,0,1,1,1,0,1,1,0,1,1,1,1,0,1,1,1,1,0,1
278,1,1,1,1,1,1,0,1,1,1,1,1,0,1,0,0,1,0,1,0,1,1,1,1,1,1,1,1,1,1,1,1,1,1,1
279,1,1,1,1,0,0,0,1,0,1,1,1,1,1,1,1,1,1,1,1,0,1,1,1,1,0,1,1,0,0,0,1,0,0,0
280,1,1,0,1,1,0,0,1,1,1,1,1,0,0,1,1,1,1,0,1,0,1,1,1,0,1,0,1,1,0,0,1,0,0,1
281,1,0,0,1,0,0,0,0,1,0,1,0,0,0,1,1,1,0,0,1,1,0,1,0,0,0,1,0,1,1,0,1,1,0,1
282,0,1,1,0,1,1,1,1,1,0,1,0,1,1,1,1,0,0,1,1,0,1,1,0,0,1,1,1,1,0,1,0,1,0,1
283,0,1,0,0,1,1,0,1,0,0,1,0,0,1,0,0,0,1,1,0,0,1,0,0,1,0,1,0,0,0,1,1,0,0,0
284,1,1,0,1,0,0,1,1,1,1,1,1,1,0,1,1,1,1,1,1,0,1,1,1,0,1,1,1,0,1,1,1,1,0,1
285,1,0,0,0,1,0,0,1,0,0,0,0,0,1,0,0,1,1,0,0,0,0,1,0,0,0,1,0,1,1,0,1,0,0,0
286,1,0,0,0,0,0,1,1,0,0,1,1,0,0,1,1,1,0,1,1,0,1,1,1,1,1,1,1,1,1,0,1,1,1,1
287,1,1,0,0,1,0,0,0,0,0,0,1,1,0,0,0,0,0,1,0,0,1,1,1,0,0,1,1,0,0,0,1,1,0,1
288,1,1,0,1,0,1,0,1,1,0,1,1,0,0,0,1,1,1,1,0,0,1,1,1,1,1,1,0,1,1,0,1,1,1,1
289,0,1,0,1,1,1,0,1,0,0,0,0,1,0,0,0,1,1,1,0,0,0,1,0,0,0,1,0,0,1,1,1,0,0,0
290,0,1,0,1,0,1,0,1,0,1,1,0,1,1,0,1,1,1,0,0,0,1,1,1,0,1,1,1,1,1,0,1,1,0,1
291,1,1,1,1,1,1,0,1,0,1,1,1,1,1,1,1,1,1,1,1,0,1,1,1,1,1,1,1,0,0,0,1,1,1,1
292,1,1,1,1,1,0,1,1,1,0,0,1,0,0,0,1,1,0,1,0,0,1,1,0,0,1,0,1,0,1,1,1,1,1,1
293,0,0,0,0,0,0,0,1,1,1,0,0,0,0,0,1,0,1,1,0,0,0,0,0,0,1,0,0,0,0,0,1,0,0,0
294,0,1,1,1,1,1,0,0,1,0,0,1,1,1,0,1,0,1,0,1,0,1,1,0,0,0,1,1,1,0,0,1,1,0,0
295,1,1,1,0,1,1,1,0,1,0,1,1,1,1,1,1,0,1,1,1,1,1,1,1,1,1,1,1,1,1,1,1,1,1,1
296,1,1,1,1,0,1,0,1,1,1,1,1,1,0,1,1,1,1,1,1,0,0,1,1,1,1,1,1,1,1,1,1,1,0,1
297,0,0,0,0,0,0,0,1,1,0,1,0,0,0,0,1,1,0,0,0,0,0,1,0,0,0,0,0,0,0,0,0,0,1,1
298,1,1,1,0,0,0,1,1,0,1,1,1,0,0,0,1,1,1,0,1,1,1,1,0,0,1,1,0,1,0,0,0,1,0,1
299,1,1,1,1,0,1,1,1,1,0,1,1,0,0,1,1,1,1,1,1,0,1,1,0,1,1,0,1,1,1,0,1,1,1,1
300,1,1,1,1,0,0,1,0,0,1,1,1,0,1,1,1,1,1,1,1,1,1,1,1,1,1,1,1,1,0,1,1,1,0,0
301,0,1,1,0,0,1,0,0,1,1,1,1,1,1,1,0,1,1,1,1,0,0,1,0,1,0,1,0,0,1,0,1,0,1,1
302,1,1,0,1,0,0,0,1,0,1,0,0,1,0,0,1,1,0,0,0,0,0,1,0,0,0,1,1,0,0,1,0,0,1,1
303,0,1,0,0,1,1,1,1,1,1,0,1,1,1,0,1,0,1,1,0,1,1,1,1,1,0,1,1,1,0,0,1,1,1,1
304,1,1,1,1,1,1,0,1,1,1,1,1,0,1,1,1,1,0,1,1,1,1,1,1,1,1,1,1,1,0,1,1,0,1,1
305,1,0,1,1,0,1,1,0,1,0,1,1,1,0,1,1,1,1,1,1,0,1,1,1,0,1,1,1,1,1,0,1,0,0,0
306,1,0,0,1,1,0,0,1,1,1,0,0,0,1,0,1,0,1,0,1,1,0,1,0,1,1,1,0,1,1,0,0,1,0,1
307,1,0,1,1,0,0,0,0,1,1,1,0,0,0,0,1,1,1,1,1,0,1,1,0,0,1,0,0,1,0,0,1,0,0,0
308,1,1,1,1,1,1,1,1,1,1,1,1,1,1,1,1,1,1,1,1,1,1,1,0,0,1,0,1,0,1,1,1,0,1,1
309,1,0,1,0,1,0,0,1,1,0,1,1,1,0,0,1,1,1,0,1,1,1,0,0,0,1,1,1,1,0,0,0,0,1,1
310,1,0,0,1,1,1,1,0,0,1,1,1,1,1,1,1,1,1,1,1,1,1,1,1,1,1,1,1,0,1,1,1,1,1,1
311,1,1,1,1,0,1,1,1,1,1,1,1,1,1,1,1,1,1,1,1,0,1,1,1,0,1,0,1,1,1,1,1,1,0,1
312,1,1,0,0,1,0,1,1,1,1,1,1,0,0,1,1,1,0,1,0,0,1,1,1,0,0,1,1,0,0,1,1,1,1,1
313,1,1,1,1,1,0,0,0,0,1,1,1,1,0,1,0,1,1,0,0,1,0,1,0,0,1,0,1,0,0,0,1,1,1,1
314,1,1,1,0,1,1,1,0,1,0,0,1,1,0,0,1,0,1,1,0,1,1,1,0,0,1,1,1,1,0,0,0,1,0,1
315,1,0,0,1,1,0,0,1,1,0,1,1,0,0,0,1,1,1,1,1,1,0,1,0,1,1,1,1,1,1,0,1,0,0,0
316,1,1,0,1,0,1,0,1,1,0,1,1,0,1,0,1,1,1,1,0,1,1,1,1,1,1,1,1,1,0,1,1,0,0,1
317,0,1,1,1,0,0,0,1,0,0,1,1,1,1,1,1,1,0,1,0,1,1,1,0,0,0,1,1,1,1,1,1,1,0,1
318,1,1,1,1,0,1,1,1,1,1,1,1,1,1,1,1,1,1,1,0,1,1,1,1,1,1,1,1,1,1,1,1,1,1,1
319,0,1,1,0,1,0,1,1,1,1,1,1,1,1,0,0,1,1,1,0,0,1,1,0,0,1,1,1,0,0,0,1,0,0,0
320,1,0,1,0,1,1,1,1,1,0,1,1,0,0,0,1,1,0,1,1,0,1,1,0,0,0,1,1,0,1,0,0,0,0,1
321,0,1,1,1,1,1,0,1,0,1,1,1,0,1,0,1,1,1,1,1,0,1,1,0,1,1,1,1,1,0,0,1,0,0,1
322,1,1,1,1,1,0,1,1,0,0,0,1,0,1,0,1,1,1,1,1,1,1,1,1,1,1,1,1,1,0,0,1,0,0,1
323,1,1,0,1,1,0,0,1,1,1,1,0,1,1,0,1,1,1,0,0,0,0,1,0,1,1,1,1,0,0,0,0,1,1,1
324,1,1,0,1,0,0,0,0,0,0,0,1,0,0,0,1,0,0,1,0,0,1,1,0,0,1,0,0,1,0,0,0,0,0,0
325,1,0,1,1,0,0,0,0,1,1,0,0,0,1,0,1,1,1,1,0,1,0,1,0,0,1,1,0,1,0,0,1,0,1,1
326,0,1,1,0,0,1,0,0,0,0,0,0,0,0,0,0,1,1,0,0,1,1,0,0,1,1,0,1,1,1,0,0,0,0,1
327,1,1,1,1,1,1,1,0,1,1,1,1,1,0,1,1,0,1,0,1,0,0,1,1,1,1,1,1,1,1,0,1,1,0,1
328,1,0,1,1,1,0,1,1,0,0,1,0,0,1,1,0,0,1,0,1,1,1,0,0,1,1,1,0,1,0,1,1,0,0,0
329,1,1,0,0,1,1,1,1,1,1,1,1,1,0,1,1,0,1,1,1,1,1,1,1,1,1,1,1,1,1,0,1,0,1,1
330,1,1,1,0,0,1,1,1,1,0,1,1,1,1,0,1,1,1,0,1,0,0,1,0,1,1,1,1,0,0,0,0,0,0,0
331,1,1,1,1,0,0,0,1,1,1,0,1,0,1,0,1,0,1,1,1,1,1,1,1,0,1,0,0,0,0,1,1,0,1,1
332,1,1,0,0,1,1,0,1,1,1,1,1,0,1,1,1,1,1,0,1,1,1,1,1,1,1,1,1,0,1,1,1,1,1,1
333,1,1,1,1,0,0,0,1,1,1,0,1,1,0,0,1,1,1,1,1,1,1,1,1,1,1,1,0,0,1,1,1,0,1,0
334,0,1,1,1,1,0,1,0,1,1,0,1,1,0,1,0,1,0,1,0,1,1,1,1,0,1,1,0,1,0,1,0,1,0,1
335,0,1,1,0,1,0,0,0,1,0,1,1,1,1,1,1,1,1,0,0,0,1,1,0,0,0,1,0,0,1,0,0,0,1,1
336,0,0,0,0,0,0,0,1,1,1,1,1,0,1,1,1,1,1,0,0,0,0,1,1,0,0,1,1,0,0,0,1,1,1,1
337,1,1,1,1,1,0,1,0,1,1,1,1,0,0,0,1,1,1,1,1,1,0,1,0,0,1,0,1,0,0,0,1,0,1,1
338,1,1,1,1,1,1,1,1,1,1,0,1,1,1,1,1,1,0,1,1,1,1,1,1,1,1,1,1,1,1,1,1,1,1,1
339,1,0,1,1,1,1,1,0,1,0,1,1,0,0,1,1,0,1,1,1,0,1,1,0,0,1,1,0,0,1,0,0,0,0,0
340,1,1,1,1,1,0,1,0,0,0,1,1,0,1,0,0,0,1,0,0,0,0,1,0,0,0,1,0,0,0,1,1,0,0,1
341,0,1,0,1,1,0,1,1,1,1,1,1,1,0,1,1,1,1,1,1,0,1,1,1,1,0,1,1,1,0,1,0,1,0,0
342,1,1,0,1,0,0,1,1,0,1,0,1,1,0,1,1,1,1,1,1,1,1,1,0,0,1,1,1,1,0,0,1,1,0,1
343,1,1,1,1,1,0,0,0,0,1,1,1,0,0,0,1,1,1,1,1,0,1,1,1,0,1,0,1,0,0,1,1,1,0,1
344,1,0,0,1,1,1,1,1,1,1,1,1,1,1,1,1,1,1,1,0,1,1,1,1,1,1,1,1,1,0,0,1,1,1,1
345,1,0,1,1,1,1,1,0,1,0,0,1,1,1,0,1,0,1,1,1,1,1,1,1,1,0,0,1,1,1,1,1,0,0,0
346,1,1,1,1,1,1,1,0,1,1,1,1,1,1,1,1,1,1,0,1,1,1,1,1,1,1,1,1,1,0,1,1,1,0,1
347,1,1,0,1,0,0,1,1,0,1,1,0,1,0,0,1,0,0,1,1,0,1,0,0,0,0,0,1,1,1,0,1,0,0,0
348,1,0,0,1,0,0,0,0,1,0,1,1,1,0,0,0,0,1,0,0,0,0,0,0,0,0,0,1,0,0,0,0,0,0,0
349,1,1,1,0,0,0,0,0,0,0,1,1,0,0,0,1,1,1,1,0,0,1,1,1,0,0,1,0,0,1,1,0,1,1,0
350,1,0,0,0,0,0,0,0,1,1,1,0,0,1,0,0,1,0,1,1,1,1,0,1,1,1,1,1,1,0,0,1,1,0,1
351,1,0,0,0,0,0,0,0,0,0,1,0,0,1,0,0,1,0,0,0,0,0,0,0,0,0,0,0,0,0,0,0,1,0,0
352,1,1,0,1,0,0,1,1,0,1,1,1,1,1,0,1,0,1,0,1,1,1,1,1,1,0,0,1,0,1,0,1,0,1,0
353,1,1,0,0,0,1,0,1,0,1,1,1,0,0,1,1,1,0,0,0,1,1,1,1,0,0,0,1,1,0,0,0,0,0,1
354,1,0,0,1,1,0,1,0,1,0,0,1,1,1,0,0,0,1,1,1,1,1,1,0,0,1,0,1,0,0,0,0,1,0,1
355,0,1,0,0,0,0,0,1,0,1,0,1,0,0,0,0,1,0,0,1,1,0,1,0,1,1,1,0,0,0,0,0,0,0,0
356,1,0,1,1,1,1,0,1,1,0,1,0,0,1,1,1,1,1,1,0,0,1,1,1,1,0,1,1,1,1,1,1,1,0,1
357,1,1,1,0,1,0,0,1,1,1,1,1,1,1,1,1,1,1,1,1,1,1,1,1,1,1,1,1,1,1,1,1,0,1,1
358,0,0,0,0,0,1,0,0,0,1,1,0,0,0,1,1,0,1,0,0,1,0,1,1,0,1,1,0,0,0,0,1,1,1,0
359,1,1,0,1,1,1,0,0,1,0,0,1,1,1,1,0,0,1,0,1,1,1,1,0,1,1,1,1,0,0,0,0,1,0,1
360,1,1,1,1,1,1,1,1,0,1,1,1,0,1,1,1,1,1,1,1,1,1,1,1,0,1,0,1,1,0,1,1,1,1,1
361,1,1,1,1,1,1,1,0,1,1,1,1,1,1,0,1,1,1,0,1,1,1,1,1,1,1,1,0,1,1,1,1,1,0,0
362,1,1,0,1,0,1,1,0,1,1,0,1,1,1,1,1,1,1,0,1,1,1,1,0,0,1,1,1,1,1,1,1,1,1,1
363,1,1,0,0,1,1,1,1,0,1,1,0,1,0,1,1,1,1,0,0,1,1,1,0,0,0,1,1,1,1,1,1,1,0,1
364,1,1,0,1,0,0,0,1,1,1,1,1,1,1,0,1,1,1,0,1,1,1,1,1,1,1,0,0,1,0,0,1,0,0,1
365,1,0,1,1,0,1,0,1,0,0,1,1,1,0,0,0,1,1,1,0,1,1,1,1,1,1,1,1,1,0,0,0,1,0,1
366,1,0,1,1,1,1,0,1,1,0,0,1,1,1,1,1,1,1,1,0,1,1,1,1,0,1,1,1,1,1,1,1,1,1,1
367,1,0,0,1,0,0,0,0,0,0,1,1,1,1,1,0,1,1,0,0,0,0,1,0,0,0,1,0,0,1,1,0,0,0,1
368,1,1,1,1,0,1,0,1,0,1,0,1,1,1,0,1,1,1,1,1,1,1,0,1,1,1,1,1,0,1,0,1,1,0,1
369,1,0,0,1,0,1,1,1,0,1,1,1,1,0,1,1,0,1,1,1,1,1,1,0,0,0,1,0,1,0,0,1,0,1,1
370,1,1,1,1,1,1,1,1,1,1,1,1,1,1,1,1,1,1,0,1,1,1,1,1,1,1,1,1,1,1,1,1,1,1,1
371,0,0,0,1,1,0,0,1,0,0,0,1,0,1,0,0,0,0,1,1,0,1,1,0,0,1,1,1,1,0,0,1,0,1,0
372,0,0,0,1,0,0,1,1,0,0,0,1,0,0,0,0,1,1,1,1,0,0,1,0,0,0,1,0,1,0,1,1,0,0,0
373,0,1,1,1,1,0,1,1,0,1,1,1,1,1,0,1,1,0,0,0,1,1,1,1,1,0,1,1,1,1,0,1,1,1,1
374,1,1,1,0,1,1,1,1,1,0,1,1,1,0,1,0,1,1,1,1,1,1,1,0,1,0,1,1,0,1,1,0,1,0,0
375,1,0,0,0,1,1,0,1,1,1,0,1,1,0,0,1,0,1,0,1,0,1,1,0,0,1,1,0,0,0,1,1,0,0,1
376,1,1,1,0,1,1,0,1,1,1,1,1,1,1,1,1,0,1,1,0,1,0,1,1,1,0,1,0,1,1,1,1,1,0,1
377,1,0,0,0,0,1,1,0,0,0,1,1,0,0,0,0,1,0,1,1,0,1,1,1,1,1,1,0,0,1,0,0,1,0,1
378,1,0,1,1,0,1,0,0,1,0,1,1,0,0,1,0,1,1,1,0,0,1,1,0,1,1,0,0,1,0,1,1,0,1,1
379,1,1,1,0,0,0,1,0,1,1,1,1,0,1,1,1,1,0,1,1,0,1,1,0,1,1,1,0,1,1,1,0,1,1,1
380,1,1,0,1,1,0,0,1,0,1,1,1,0,0,0,1,0,0,1,1,0,0,1,0,0,1,1,1,1,1,0,1,0,0,1
381,1,0,0,0,0,0,1,1,0,0,1,0,1,0,0,0,0,0,1,0,0,0,0,0,0,0,1,0,0,0,0,0,0,0,1
382,0,0,0,0,0,1,0,0,1,0,0,0,0,1,0,0,0,0,1,0,0,0,0,0,0,0,0,0,0,0,0,0,0,0,0
383,0,0,1,1,0,0,0,0,1,1,1,1,1,0,1,1,1,1,1,0,0,0,1,1,0,1,1,1,1,1,0,0,1,0,1
384,1,1,0,1,1,1,0,1,1,1,1,1,1,1,1,1,1,1,0,0,1,1,1,0,1,1,1,1,1,1,1,1,1,1,1
385,1,0,0,1,1,0,1,1,1,1,1,0,1,1,0,1,1,1,1,1,1,1,1,0,1,1,1,1,1,1,0,1,1,1,1
386,1,1,1,1,1,1,1,1,1,1,1,1,1,1,0,0,1,1,1,1,0,1,1,0,1,1,1,1,1,0,0,1,1,0,1
387,1,1,1,1,0,0,1,1,1,0,1,1,0,0,1,0,1,1,1,1,1,0,1,0,1,1,1,0,1,1,0,0,1,1,1
388,1,0,0,1,0,0,0,1,0,0,1,1,1,1,0,1,1,1,1,1,0,0,1,1,0,1,1,1,1,1,0,0,1,0,0
389,0,1,0,0,1,0,0,1,0,1,1,1,1,0,0,0,0,0,0,0,1,0,1,0,1,1,1,0,0,1,0,1,1,1,0
390,1,0,1,1,1,0,0,0,1,1,0,0,1,0,0,1,0,1,0,0,0,1,1,0,1,1,1,1,1,0,0,1,1,1,1
391,0,1,1,1,1,1,1,0,1,1,1,1,1,1,1,1,1,1,1,0,1,1,1,1,1,1,1,1,1,1,1,1,1,0,1
392,0,0,0,0,1,0,0,0,0,0,0,0,0,0,0,0,0,0,0,0,0,1,1,0,0,0,0,0,0,0,0,0,0,0,0
393,1,1,1,0,1,1,0,1,1,0,1,0,0,0,1,1,0,1,0,0,0,1,1,0,1,0,0,0,1,0,0,0,0,0,1
394,1,1,1,1,1,1,1,1,0,1,1,1,1,1,0,1,1,1,1,0,1,1,1,1,1,1,1,1,1,1,1,1,0,1,1
395,0,1,1,1,1,0,0,0,1,1,1,0,1,1,1,1,0,1,1,1,1,0,1,1,1,1,1,1,1,1,1,0,1,0,1
396,0,1,1,0,1,0,0,1,0,1,1,1,1,1,1,1,1,1,1,0,1,1,1,0,1,1,1,1,1,1,0,1,0,1,1
397,1,0,0,0,1,0,1,1,1,1,1,0,1,1,0,1,1,1,1,1,1,1,1,0,1,0,1,1,1,1,1,1,0,1,1
398,1,1,1,0,1,1,0,0,1,1,1,1,0,0,0,0,1,1,1,0,1,1,1,1,1,1,1,1,1,0,1,0,1,1,0
399,0,0,0,0,0,1,0,1,0,1,1,1,1,1,1,1,1,1,1,1,0,1,1,0,1,0,1,1,1,0,1,1,1,0,1
400,0,0,0,0,0,1,1,0,1,1,1,1,0,0,0,1,1,1,1,0,1,0,1,0,0,0,1,1,1,1,0,1,0,0,1
401,1,1,0,1,0,0,0,1,0,1,1,0,1,0,0,1,0,0,0,0,1,1,1,1,1,0,0,0,0,0,0,0,0,0,0
402,1,1,0,1,1,1,1,1,0,1,1,0,1,1,0,0,0,1,1,0,0,1,1,0,0,1,1,1,1,0,1,0,1,0,0
403,1,0,1,1,0,0,0,1,1,0,0,1,0,0,0,0,1,1,1,1,0,1,1,1,0,0,1,1,1,0,0,1,0,0,0
404,0,0,1,0,1,1,0,0,1,1,1,0,0,0,0,1,1,1,0,0,1,1,0,1,0,0,0,1,0,0,0,1,0,1,0
405,1,1,0,1,0,1,1,1,0,1,1,1,1,1,1,1,1,1,0,0,0,1,1,0,1,1,1,1,1,1,0,0,1,1,1
406,1,1,1,0,1,0,1,1,1,0,1,1,1,0,1,1,1,0,1,1,1,1,1,1,0,1,1,1,1,0,0,1,1,0,1
407,1,1,1,1,1,1,1,1,1,1,1,1,1,1,1,1,1,1,1,1,1,1,1,0,1,1,1,0,1,1,1,1,1,1,1
408,1,0,0,0,1,0,1,1,1,1,1,0,1,0,0,1,1,1,1,0,0,1,1,1,0,1,1,1,0,0,0,1,0,0,1
409,0,0,1,1,1,1,1,0,1,1,1,1,0,1,0,1,0,1,1,0,0,1,1,0,0,0,1,1,1,0,0,0,1,0,1
410,1,0,0,1,1,0,1,0,1,0,1,1,1,1,1,0,1,1,1,0,0,1,1,0,0,0,1,0,1,1,0,1,1,1,1
411,1,0,0,0,0,1,0,1,1,0,0,1,1,0,0,1,1,0,1,0,0,0,1,0,0,1,1,0,0,0,0,0,0,0,1
412,1,0,1,1,0,1,0,0,1,1,0,1,1,0,1,1,1,1,1,1,0,1,1,0,0,0,1,0,0,1,0,1,0,0,0
413,1,1,1,0,1,0,0,1,0,0,1,1,0,1,0,1,0,0,0,1,1,1,1,1,0,0,0,0,1,0,0,1,1,0,1
414,0,1,0,0,0,0,1,0,0,1,0,0,0,0,0,0,0,0,0,0,0,0,0,0,0,1,1,0,0,0,0,0,0,0,0
415,1,1,0,1,0,0,0,0,0,0,1,1,1,1,0,1,1,1,0,1,1,1,1,0,0,1,1,1,0,1,0,1,1,1,1
416,1,0,0,0,0,1,0,0,0,0,1,1,1,0,0,1,1,1,0,0,0,0,1,0,0,1,0,1,0,1,1,1,0,0,0
417,1,1,1,1,1,0,1,0,1,1,1,1,1,1,0,0,1,1,0,1,1,1,1,1,1,1,0,0,0,1,1,0,1,1,1
418,1,1,0,1,0,1,1,1,0,1,1,0,0,0,0,1,1,0,0,0,1,1,1,0,0,0,0,1,0,1,0,1,0,0,0
419,1,1,1,0,1,1,1,1,1,1,1,0,1,0,1,1,1,1,1,0,0,1,1,0,1,1,1,1,1,0,1,1,1,1,0
420,1,1,1,0,1,1,0,1,0,1,1,1,1,1,1,1,1,1,0,1,0,1,1,1,0,1,1,1,1,1,0,1,1,1,1
421,0,0,1,1,1,1,0,0,1,0,0,1,1,0,0,1,0,0,0,1,1,1,1,0,0,1,1,0,0,0,0,0,0,0,0
422,1,1,1,1,1,1,1,1,1,1,1,1,1,1,1,1,1,1,1,0,0,0,1,0,0,1,0,1,1,0,1,0,1,0,1
423,1,1,1,1,1,1,0,0,0,1,1,1,0,0,1,1,1,1,1,0,0,1,1,0,1,1,1,0,1,1,1,1,1,1,0
424,0,1,0,1,0,0,0,1,1,1,1,1,1,1,1,1,0,1,1,1,0,1,1,1,1,1,1,1,0,1,0,0,0,1,1
425,1,1,1,0,1,1,1,1,1,1,1,1,1,1,1,1,1,1,1,0,1,1,1,1,1,1,1,0,1,0,0,1,1,1,0
426,1,1,0,0,1,1,0,1,1,1,1,1,1,0,0,1,1,1,1,1,1,1,1,0,1,1,1,1,1,0,0,1,1,1,1
427,1,1,1,1,1,1,1,1,1,0,1,1,1,1,0,1,1,1,1,0,1,1,1,1,1,1,1,0,1,1,1,1,1,1,1
428,1,1,0,1,1,0,0,1,1,1,1,1,1,0,1,1,0,1,1,1,1,1,1,1,0,1,1,1,1,0,0,1,0,0,0
429,0,0,0,1,0,0,0,1,0,0,0,0,0,0,0,1,1,0,0,1,0,1,1,0,1,0,1,1,1,0,0,0,0,0,0
430,1,1,1,1,1,1,0,1,1,1,0,1,1,1,1,1,1,1,1,1,0,1,1,1,1,1,1,1,1,1,0,1,1,1,1
431,1,0,0,0,0,1,0,1,0,0,0,1,0,0,0,0,0,0,0,0,0,1,1,0,0,1,0,1,0,1,0,0,0,1,1
432,0,0,1,0,1,0,0,0,0,0,1,0,0,0,1,0,0,0,0,0,0,0,1,0,0,1,1,0,0,0,0,0,0,0,0
433,1,1,1,0,0,0,0,1,0,0,1,1,0,1,0,0,0,0,1,0,0,0,1,1,0,1,1,0,0,0,0,1,0,0,0
434,1,1,0,0,0,0,0,1,0,1,1,1,0,1,1,0,1,0,1,1,1,0,1,0,0,1,1,0,1,0,0,0,0,1,0
435,1,1,0,1,0,0,0,1,1,1,1,1,1,0,0,1,0,0,0,1,0,1,0,1,0,1,1,1,0,0,0,0,0,0,1
436,1,1,1,1,1,1,0,1,1,1,1,1,0,0,0,1,1,1,1,1,1,1,1,1,0,1,1,1,1,1,0,1,1,1,1
437,1,1,0,1,1,1,1,1,1,1,1,1,1,1,1,1,1,1,1,1,1,1,1,1,1,0,1,1,1,0,1,1,1,1,1
438,1,1,0,1,1,0,0,1,1,1,1,1,1,1,1,1,1,1,1,0,1,1,1,1,1,1,1,1,1,1,1,1,1,0,1
439,1,0,0,0,0,0,1,1,1,1,0,1,1,0,0,0,0,1,0,0,0,0,1,1,1,1,0,0,0,1,1,1,0,0,1
440,0,1,1,1,0,0,0,1,1,1,1,1,1,0,0,0,1,1,0,0,1,0,1,1,0,1,1,1,1,1,0,1,1,1,1
441,0,1,1,1,1,1,1,1,1,1,1,1,0,1,0,1,1,1,1,0,1,1,1,0,1,0,1,1,1,1,0,0,1,0,1
442,1,1,1,1,1,0,1,1,0,1,0,1,1,0,1,1,1,1,0,1,1,1,0,1,1,1,1,0,1,1,0,1,1,0,1
443,1,1,0,0,1,0,1,0,1,0,1,1,0,1,0,0,0,1,1,0,0,0,1,1,1,0,0,1,1,1,1,0,1,0,1
444,1,1,1,1,0,0,1,1,0,0,1,1,1,1,0,0,1,1,1,0,1,0,0,1,0,1,0,0,1,1,0,1,0,0,0
445,1,1,0,1,0,0,0,0,0,0,1,1,0,0,0,1,1,1,0,0,0,0,1,1,0,1,0,1,0,0,0,1,0,0,0
446,1,0,1,1,1,1,0,1,1,1,1,1,1,0,1,0,1,1,1,1,1,1,1,1,0,1,1,1,1,0,1,1,1,1,1
447,1,1,1,1,0,0,0,1,1,1,1,1,0,1,1,1,0,1,1,0,1,1,1,1,1,1,1,1,1,1,0,1,1,0,0
448,0,1,1,1,0,0,0,0,0,1,1,1,0,1,0,1,1,0,1,0,1,1,1,1,1,1,0,1,0,0,1,0,0,0,1
449,1,1,1,1,0,0,0,1,0,1,1,1,1,1,1,1,0,1,1,1,1,1,1,0,0,1,1,1,1,0,1,1,1,0,1
450,1,1,0,1,1,1,1,1,1,1,1,1,1,1,1,1,1,1,0,1,0,1,1,1,1,0,1,1,1,1,1,1,1,1,1
451,1,1,1,0,0,0,0,1,1,0,1,1,1,1,1,0,1,0,0,1,1,1,1,0,1,1,1,1,1,0,1,0,0,1,1
452,0,1,1,1,1,0,0,1,1,1,1,1,0,1,0,1,0,0,1,0,1,1,1,1,1,1,0,1,0,1,1,1,1,0,1
453,1,1,1,1,1,1,1,0,1,1,1,0,1,1,1,1,1,1,1,1,1,1,1,1,1,1,1,1,1,0,1,1,0,0,1
454,1,1,1,0,0,1,0,0,0,1,0,1,1,0,0,1,1,1,0,0,0,1,1,0,0,1,0,1,0,1,0,1,1,1,0
455,1,0,1,1,1,1,0,1,1,1,1,1,1,1,1,0,1,1,1,1,0,1,1,1,1,1,1,0,1,1,1,1,1,1,1
456,1,0,1,0,0,1,0,0,1,1,0,1,1,0,1,1,1,1,1,1,0,1,0,0,1,1,1,0,0,1,0,1,0,0,1
457,0,1,0,0,0,0,0,1,0,0,1,1,0,1,1,1,0,1,1,0,0,0,1,0,0,0,0,0,0,0,0,0,0,0,0
458,1,0,0,0,1,1,0,1,0,1,0,1,0,0,0,1,0,0,1,1,0,0,1,0,0,0,1,1,0,1,0,0,0,0,0
459,1,0,0,0,1,1,1,0,0,1,0,1,0,0,0,0,1,1,1,1,0,1,1,1,0,1,1,0,1,0,1,1,0,1,0
460,1,1,1,1,0,0,0,1,1,1,1,1,1,1,1,1,1,1,1,1,1,0,1,1,0,1,1,1,1,1,1,1,1,0,1
461,1,1,0,1,1,0,1,1,0,1,1,1,1,0,0,1,0,1,0,1,1,1,0,0,1,1,0,1,1,1,0,1,0,0,0
462,0,1,0,1,1,1,0,1,0,1,1,0,0,1,1,0,1,1,0,1,1,1,1,0,0,0,1,0,1,0,0,0,1,1,1
463,1,1,0,0,0,1,0,0,1,1,1,1,1,0,1,1,0,1,1,0,0,0,1,1,1,0,1,0,0,1,0,0,1,0,1
464,1,1,1,1,1,1,1,1,1,1,0,1,1,0,1,1,1,1,1,1,1,0,1,1,0,1,1,1,1,1,0,1,1,1,1
465,1,0,0,1,0,0,1,0,1,0,1,1,0,0,1,1,1,0,1,0,0,1,1,0,0,1,1,1,0,0,1,0,0,0,1
466,1,1,1,0,1,1,1,0,1,1,1,1,1,1,0,1,0,1,0,0,0,0,1,0,1,0,1,1,0,0,1,0,1,0,1
467,0,0,0,0,0,0,0,0,1,0,0,1,1,0,0,0,0,0,0,0,0,1,1,0,0,0,0,0,0,0,0,0,0,0,0
468,1,0,0,0,0,0,0,1,0,0,1,1,1,0,0,1,0,1,1,0,0,0,1,1,0,1,1,1,0,0,0,1,0,0,0
469,1,0,1,0,1,0,0,1,1,0,1,0,1,0,0,1,0,0,1,1,0,1,0,0,1,1,1,0,1,0,0,1,0,1,1
470,1,1,0,1,1,0,0,0,1,1,1,1,0,0,1,0,0,1,0,0,0,0,1,0,0,1,1,1,1,0,0,0,0,1,0
471,1,1,1,1,0,1,1,1,1,1,1,1,1,1,1,1,1,1,1,1,1,1,1,1,0,1,1,1,1,1,1,1,1,0,1
472,1,1,1,0,1,1,1,1,1,1,1,0,1,0,1,1,0,1,1,1,1,0,1,1,1,1,0,1,0,0,1,1,1,1,1
473,1,1,0,1,1,1,0,1,1,0,1,1,1,0,0,1,0,0,1,1,1,1,1,1,0,1,1,0,0,0,0,0,1,1,1
474,1,1,0,0,0,0,0,1,0,1,0,1,0,0,0,1,1,1,1,0,1,1,1,0,0,1,1,1,0,0,1,1,0,1,1
475,1,1,1,1,0,0,0,1,0,1,0,1,0,1,1,1,1,1,1,1,0,1,1,0,1,1,1,1,1,0,1,0,1,1,0
476,1,0,0,1,1,0,1,1,1,1,1,1,1,1,0,1,1,0,1,1,0,1,1,0,1,0,0,1,0,1,0,1,1,1,1
477,0,1,1,0,1,0,0,1,0,1,1,1,0,1,0,0,1,1,0,0,0,1,1,0,0,1,1,1,1,0,1,1,0,0,1
478,1,1,1,1,1,1,1,1,1,1,1,1,1,1,1,1,1,1,1,1,1,1,1,1,1,1,1,1,1,1,1,1,0,0,1
479,1,1,0,1,1,0,0,1,1,0,1,1,1,1,1,1,1,1,1,0,1,0,1,1,1,0,1,1,0,1,1,1,0,0,0
480,0,0,0,1,0,0,0,1,0,0,1,1,1,0,0,1,0,1,0,0,0,0,1,1,0,1,1,0,1,0,0,1,1,0,1
481,0,0,0,1,1,0,0,0,0,0,1,1,0,0,0,0,1,1,1,1,0,0,1,1,0,0,1,1,0,1,1,1,1,0,1
482,1,0,1,1,1,0,1,1,1,1,1,1,1,0,1,1,1,1,1,1,1,0,1,1,1,1,1,1,0,1,1,1,1,0,1
483,0,0,0,0,1,0,0,0,0,0,1,0,0,0,0,1,0,0,0,0,0,1,1,0,0,0,1,0,0,0,0,1,0,0,0
484,1,0,1,0,0,1,1,1,1,0,1,1,1,1,0,1,1,1,1,1,0,1,0,1,1,1,1,1,1,1,0,1,0,0,1
485,1,1,1,1,1,1,0,1,1,1,1,1,1,0,0,1,1,1,0,1,0,1,1,0,0,1,1,1,1,1,0,0,1,1,0
486,1,1,1,1,1,1,1,1,1,1,1,1,1,0,1,1,1,1,1,1,1,1,1,1,1,1,1,1,1,1,1,1,1,1,1
487,0,0,0,0,0,0,0,0,0,0,0,0,0,0,0,1,0,1,0,0,0,0,0,0,0,0,0,0,0,0,0,0,0,0,0
488,1,0,0,0,0,0,1,1,0,0,0,0,0,0,0,1,1,1,1,1,0,1,1,1,1,1,0,1,1,1,0,1,0,0,1
489,0,0,1,1,1,1,0,1,1,1,0,1,1,1,0,1,0,0,1,1,1,1,1,0,0,1,0,1,1,0,0,1,1,1,1
490,1,1,1,1,1,1,0,1,1,1,1,1,1,1,1,1,1,1,1,1,0,1,1,1,0,1,1,1,1,0,1,1,1,1,1
491,1,1,1,1,1,0,1,1,1,1,1,1,1,0,0,1,1,0,1,1,1,1,1,1,0,1,1,1,1,1,0,1,0,1,1
492,0,1,0,1,0,0,1,1,1,0,0,1,0,0,0,1,0,0,1,0,0,1,1,0,1,1,0,0,0,1,0,0,0,1,0
493,1,1,1,1,1,1,0,1,1,1,1,1,1,1,1,1,1,1,1,1,1,1,1,1,1,1,1,1,1,1,1,1,1,1,1
494,1,1,0,0,0,0,0,0,0,1,0,1,0,0,1,1,1,1,0,1,0,0,0,1,0,1,1,0,0,0,1,1,0,0,0
495,1,1,0,0,0,0,0,1,0,0,1,1,0,0,1,1,0,1,1,1,1,0,1,0,0,0,1,1,1,0,0,0,1,0,0
496,1,0,1,1,0,0,1,1,0,1,0,0,1,1,0,1,1,1,0,0,0,1,1,0,0,1,0,0,0,1,1,1,0,0,0
497,0,1,1,1,1,1,1,1,1,1,1,1,1,1,0,1,1,1,1,1,1,1,1,1,1,1,1,1,1,1,1,1,1,1,1
498,1,1,0,1,1,1,1,1,0,1,1,1,1,1,0,0,1,1,0,1,1,0,1,1,1,1,1,1,0,1,1,1,0,0,1
499,1,1,1,1,0,1,0,0,1,1,0,1,1,0,1,1,0,0,1,1,1,1,1,1,1,1,1,1,1,1,1,1,1,0,1
500,1,1,1,1,1,1,0,1,1,1,1,1,0,1,1,1,1,1,1,1,1,1,1,1,0,1,1,1,1,1,0,1,1,1,1
