"id","V1","V2","V3","V4","V5","V6","V7","V8","V9","V10","V11","V12","V13","V14","V15","V16","V17","V18","V19","V20","V21","V22","V23","V24","V25","V26","V27","V28","V29","V30"
1,0,0,0,1,0,0,1,1,0,1,1,1,1,2,0,0,0,1,2,0,3,2,0,1,1,0,1,0,0,2
2,2,3,2,3,2,3,3,3,2,3,1,2,3,3,3,2,0,3,2,2,1,3,2,3,1,3,2,0,1,3
3,0,3,2,3,2,2,3,1,1,1,0,3,2,3,2,2,2,3,2,0,3,1,0,3,1,2,1,2,2,3
4,2,3,2,1,3,1,3,2,2,2,0,3,2,3,1,2,1,2,3,2,3,1,0,3,3,3,3,3,2,3
5,2,0,2,1,1,2,1,1,3,3,3,2,1,3,2,1,1,1,2,2,3,2,2,1,1,1,2,0,1,1
6,0,1,1,1,0,1,0,1,3,1,3,1,1,1,0,0,0,0,1,0,2,1,0,2,0,1,0,0,0,0
7,2,3,1,2,0,2,1,1,0,1,0,2,1,3,2,0,0,2,1,1,3,1,0,1,0,1,0,3,0,1
8,1,3,1,2,1,2,1,1,0,1,3,2,2,1,0,0,0,1,2,0,1,3,1,2,1,1,0,2,1,0
9,0,0,0,1,0,0,0,1,1,0,0,2,0,1,0,1,0,1,1,1,1,0,2,2,0,0,0,0,1,2
10,2,2,2,1,2,2,2,1,0,1,0,3,1,3,2,1,0,2,2,0,2,3,2,1,3,2,1,3,1,1
11,3,1,2,2,1,1,3,1,3,3,2,2,1,3,2,1,2,1,2,1,3,0,2,3,1,2,2,2,2,2
12,1,3,2,2,2,3,2,2,3,3,2,3,2,3,3,2,2,1,3,3,3,2,2,2,1,2,2,2,2,3
13,3,2,2,1,0,1,1,0,2,1,3,3,2,1,1,1,0,1,0,0,3,1,2,1,1,2,1,2,1,1
14,1,3,2,3,0,2,3,2,0,3,1,0,1,2,1,2,0,1,0,2,3,3,2,1,1,1,0,1,2,2
15,1,1,0,1,0,2,3,2,3,1,2,1,1,2,1,1,0,1,1,0,2,0,0,1,0,1,0,0,1,2
16,1,1,0,2,2,0,2,2,1,3,0,2,0,2,2,2,2,1,3,2,2,2,2,1,0,0,1,1,2,3
17,1,1,3,3,1,2,3,2,1,2,2,3,1,3,1,2,0,1,2,1,2,1,1,2,0,2,1,3,2,2
18,2,1,0,1,0,1,1,0,2,1,2,2,0,1,0,1,0,0,1,0,1,2,0,2,1,2,1,2,1,1
19,3,1,1,1,1,3,3,2,2,2,0,1,2,1,0,2,1,2,2,1,2,2,0,2,2,2,1,2,2,1
20,2,3,2,3,2,2,2,3,3,3,0,3,2,3,2,2,2,3,2,3,3,3,3,3,2,3,2,1,3,1
21,1,2,3,3,3,2,3,3,3,3,0,2,3,3,2,2,2,3,3,2,2,2,3,3,2,2,2,3,2,2
22,2,3,2,2,2,0,0,1,0,1,2,3,1,3,1,0,0,1,2,2,3,2,1,1,2,2,0,3,3,2
23,1,3,3,3,2,0,2,2,2,1,0,2,1,3,2,1,0,2,2,2,3,2,0,3,0,2,1,2,0,0
24,2,2,2,3,2,3,3,2,3,2,3,2,3,3,3,1,1,2,2,1,3,2,2,3,1,2,3,3,2,2
25,2,2,1,1,2,1,3,3,2,3,3,1,2,1,1,2,0,1,1,2,3,0,1,3,0,2,1,1,1,2
26,1,1,1,1,0,1,0,0,0,1,3,0,0,1,1,0,0,0,0,0,1,3,0,1,0,0,0,2,0,1
27,3,3,3,3,2,3,1,3,1,2,3,3,3,3,2,3,2,3,2,2,1,3,2,3,3,2,2,2,2,3
28,0,1,0,1,0,1,0,0,1,1,0,1,1,2,0,0,0,0,0,0,0,1,0,0,0,1,0,2,0,0
29,1,1,2,2,2,2,3,2,0,3,1,1,2,3,1,1,2,2,2,2,3,2,3,3,3,1,3,3,2,1
30,3,1,3,3,3,3,3,3,2,3,1,2,1,3,2,3,2,3,2,3,3,1,2,3,3,2,3,2,3,3
31,3,1,2,2,2,2,3,2,0,2,0,2,3,3,2,2,2,3,1,2,3,1,1,3,2,2,1,0,2,1
32,2,2,1,2,1,2,2,2,1,3,0,1,1,3,1,2,0,0,0,0,2,3,3,2,0,2,1,1,0,3
33,0,2,2,2,1,1,2,2,2,2,2,2,1,3,2,3,2,2,0,2,3,2,0,1,1,2,2,2,2,3
34,2,2,2,3,2,1,1,1,0,2,1,2,1,1,1,2,0,1,2,2,1,3,0,2,1,2,1,1,2,2
35,2,3,1,1,2,1,1,2,1,3,3,2,2,3,2,1,2,2,0,2,1,1,2,2,1,2,2,3,2,2
36,3,3,2,3,2,2,1,2,2,3,2,2,3,3,1,3,0,3,2,2,3,1,3,3,2,3,2,1,3,3
37,1,3,2,3,2,3,3,2,2,3,2,3,2,3,3,2,2,3,3,2,3,2,2,3,3,3,1,3,2,3
38,1,3,2,3,2,2,2,2,1,3,0,3,3,3,1,2,1,3,2,2,2,3,1,3,1,2,1,2,2,1
39,3,1,2,2,0,1,3,2,1,1,2,3,3,2,2,0,2,1,2,0,2,0,0,2,0,1,3,1,1,2
40,0,1,0,1,0,0,3,0,2,1,2,0,1,3,1,0,2,1,1,2,0,0,2,1,0,0,1,1,2,1
41,1,2,0,2,0,1,1,0,2,1,2,1,0,1,0,0,0,2,1,0,2,0,2,1,0,0,0,0,1,1
42,0,1,2,1,1,0,1,0,2,1,3,3,2,3,2,2,1,1,0,1,1,0,2,1,1,1,0,3,1,1
43,3,1,0,1,1,2,2,1,2,1,0,2,1,3,0,0,0,1,0,1,3,3,3,1,0,1,1,0,0,1
44,2,1,0,1,0,1,0,0,0,1,1,2,2,3,0,0,0,1,0,0,3,2,1,0,0,0,1,2,0,0
45,0,3,2,3,2,2,3,2,3,2,0,3,3,3,2,2,2,2,2,2,3,3,2,3,2,3,2,2,3,3
46,3,2,2,3,2,2,1,0,2,1,1,2,1,3,0,2,0,3,1,1,3,3,1,1,2,2,1,1,1,3
47,0,1,0,1,0,0,1,0,3,2,0,1,2,3,0,2,0,2,1,0,2,1,0,3,1,0,2,1,1,2
48,2,1,1,2,2,2,3,2,0,3,0,2,1,1,2,2,2,1,2,2,2,0,3,3,1,2,2,0,2,2
49,1,3,0,2,2,2,2,1,3,1,1,3,2,3,2,1,1,2,2,2,2,1,1,2,2,1,1,3,2,2
50,1,1,0,2,2,0,1,1,1,2,0,1,2,3,2,1,1,0,0,0,3,0,1,1,2,1,1,1,2,2
51,3,2,2,3,2,3,0,1,3,1,0,1,3,3,0,1,0,1,0,1,3,0,1,1,1,3,2,2,0,0
52,1,2,0,3,1,3,1,2,2,1,2,2,1,3,1,2,1,1,0,2,2,1,2,1,0,2,3,1,1,1
53,3,1,2,2,2,1,1,2,1,2,3,2,2,3,1,1,1,2,1,1,2,2,1,2,2,1,2,3,1,3
54,3,3,0,1,2,2,0,0,1,3,1,1,1,2,1,2,0,1,2,1,2,1,1,2,2,2,1,1,2,2
55,0,0,0,0,0,0,3,0,0,1,1,0,1,1,0,2,0,0,1,1,1,1,0,1,1,1,1,1,2,0
56,0,2,1,2,1,2,1,2,0,1,0,2,2,3,1,2,0,1,2,2,3,3,2,3,0,2,2,2,0,2
57,3,3,3,3,2,3,2,1,2,3,3,2,3,3,2,3,2,3,3,2,3,3,1,3,2,2,3,2,2,3
58,1,2,1,2,1,1,2,2,2,1,2,3,3,1,2,2,1,0,2,1,2,3,1,1,1,1,2,0,2,2
59,1,1,1,2,0,0,2,1,3,1,1,2,1,3,2,1,0,1,3,1,1,0,0,2,1,0,1,1,1,1
60,1,1,0,1,0,1,0,0,3,1,1,0,3,1,1,1,0,1,0,0,0,0,1,2,1,2,0,3,1,1
61,1,3,0,1,0,1,0,2,2,1,2,1,1,0,0,1,0,1,0,0,1,0,0,1,0,0,0,1,0,1
62,0,1,0,1,0,1,3,0,2,1,1,1,0,3,2,2,1,2,2,1,0,3,1,2,1,1,2,2,1,2
63,1,1,2,2,0,3,2,2,0,2,2,1,2,1,2,1,2,2,2,0,2,0,0,2,1,3,1,3,1,2
64,1,0,2,0,0,1,3,0,2,1,3,2,0,3,0,2,0,1,1,0,1,1,2,1,0,0,1,1,2,1
65,3,1,1,3,2,1,1,1,0,1,1,2,0,3,2,1,0,2,1,0,3,1,1,1,2,3,2,1,1,3
66,3,2,3,1,2,1,2,1,1,3,1,3,1,3,2,3,2,3,2,2,3,1,1,3,2,2,2,1,3,1
67,3,0,3,1,2,1,3,2,2,1,3,2,3,3,2,2,2,2,3,2,3,0,2,2,2,3,3,3,2,2
68,1,1,1,2,0,1,1,0,3,1,2,2,2,3,0,2,1,1,2,1,2,1,2,1,2,2,2,2,2,1
69,2,2,2,2,3,2,2,3,3,3,2,0,2,3,2,3,2,3,2,2,3,1,2,3,2,3,2,3,3,3
70,2,3,3,1,2,3,3,2,2,2,1,2,1,3,1,3,2,3,1,2,2,2,1,2,3,3,2,3,2,3
71,2,1,2,0,0,1,2,1,1,1,2,1,3,3,1,2,0,1,1,1,0,2,0,1,0,1,0,2,1,2
72,1,3,2,1,2,1,2,1,2,2,2,0,2,2,2,2,0,1,1,2,2,1,0,1,1,2,1,0,0,2
73,2,2,2,2,1,0,2,2,2,2,3,2,3,2,0,1,0,2,1,2,1,3,2,0,1,1,2,2,2,1
74,1,0,0,1,1,1,1,1,2,2,0,1,1,1,2,1,0,1,0,0,1,2,0,2,1,2,2,2,0,0
75,0,0,0,0,0,0,0,0,1,0,1,1,1,2,0,0,0,0,1,0,1,0,0,1,1,1,1,3,0,0
76,2,2,2,3,3,2,3,3,1,3,3,3,3,3,2,3,1,3,3,2,3,3,1,3,1,2,3,3,3,3
77,1,2,3,1,0,2,1,0,2,1,3,0,0,1,1,2,0,1,0,1,1,0,1,1,0,0,2,1,0,1
78,3,2,0,2,1,0,3,1,3,3,3,2,1,3,1,2,0,1,0,0,1,1,1,3,2,0,1,1,1,1
79,0,1,2,2,1,2,1,2,1,2,0,1,3,3,0,2,1,1,2,2,2,1,1,3,2,1,2,0,2,3
80,1,1,2,2,1,2,1,2,1,1,3,2,2,1,0,2,1,2,1,1,2,1,2,1,0,2,2,3,2,2
81,3,2,1,1,0,0,1,1,1,2,0,1,1,1,1,0,0,2,1,0,1,0,1,2,0,2,1,2,0,1
82,3,1,1,3,0,2,1,1,0,1,3,2,0,1,0,0,0,1,0,1,2,1,0,1,0,1,0,1,1,1
83,2,2,2,1,1,1,2,2,2,1,2,1,0,2,0,2,0,0,1,1,1,0,3,1,2,2,1,1,2,0
84,2,1,1,1,1,1,1,0,3,1,3,2,2,2,2,2,0,0,2,1,3,2,1,1,0,0,2,3,1,1
85,2,2,2,3,2,3,3,2,3,3,2,3,1,3,1,3,2,3,2,2,3,0,2,2,3,3,1,2,2,2
86,3,3,2,3,3,3,3,2,3,3,1,3,1,3,3,3,2,3,2,2,3,0,3,2,2,3,3,2,2,3
87,2,1,1,1,2,3,2,2,2,2,2,1,0,3,2,1,0,2,1,0,3,2,1,1,2,2,2,3,2,1
88,1,3,1,3,1,1,2,0,2,3,1,1,0,3,1,2,1,1,1,2,3,0,0,2,3,3,2,2,2,2
89,3,3,2,3,2,3,3,2,1,3,2,3,2,3,2,1,2,1,3,2,2,1,1,3,2,3,2,2,2,3
90,2,1,2,3,1,2,1,2,2,3,2,2,0,3,3,1,1,2,1,0,2,3,0,0,0,1,0,2,2,2
91,0,0,0,1,0,1,1,2,0,1,0,2,1,3,0,1,0,3,1,2,2,0,2,1,0,1,2,3,2,2
92,2,3,3,1,3,3,2,2,0,1,1,3,3,3,2,1,2,2,3,2,3,3,0,3,2,2,2,3,2,2
93,3,0,0,2,1,0,1,0,2,1,0,1,1,1,0,0,0,0,1,0,1,2,0,2,0,0,1,2,0,0
94,0,2,0,1,0,0,1,0,1,1,2,0,1,1,0,0,0,1,1,1,2,1,0,1,1,0,0,1,0,1
95,0,1,1,1,1,2,1,0,2,1,0,1,2,3,2,2,2,1,1,1,1,2,0,2,0,1,1,1,1,0
96,0,3,3,1,0,1,1,0,2,3,0,1,0,2,0,1,2,1,2,0,1,2,1,1,0,1,0,0,2,3
97,3,3,2,3,2,1,1,1,1,3,1,3,1,3,1,3,0,1,2,3,3,3,3,3,2,3,2,2,2,1
98,1,1,1,3,2,1,2,1,2,1,0,3,2,3,0,1,0,1,2,3,3,3,3,1,2,2,2,3,2,1
99,2,2,2,0,1,2,2,2,2,1,3,2,2,3,0,1,2,1,1,2,2,0,1,3,2,2,2,3,2,2
100,2,2,1,2,2,2,2,1,3,2,2,1,1,3,0,2,0,1,2,2,2,2,1,2,2,2,2,3,1,1
101,0,1,2,1,1,1,1,1,1,1,3,0,2,1,1,0,0,1,1,0,2,0,1,0,0,0,1,0,1,0
102,0,1,1,2,0,1,1,1,1,1,2,2,1,3,2,2,0,2,1,1,2,1,2,1,2,0,1,0,1,2
103,1,2,2,1,1,1,2,2,3,2,2,2,2,2,1,2,0,1,3,1,1,3,1,1,0,1,0,1,1,2
104,2,3,1,0,1,0,1,0,3,3,0,1,1,0,2,1,0,1,2,1,2,0,1,2,1,2,1,3,1,1
105,2,3,0,2,0,1,1,2,3,2,1,2,3,2,0,0,1,0,1,0,1,2,1,1,2,1,1,1,2,0
106,1,1,2,3,2,0,0,2,3,1,0,1,1,1,0,1,0,2,1,2,0,2,0,0,0,0,1,3,2,1
107,1,2,1,3,2,2,3,2,2,2,2,2,1,3,2,2,1,1,1,2,0,2,1,3,2,1,1,3,1,2
108,0,1,0,1,0,1,3,2,2,1,3,2,1,1,3,1,0,2,1,0,2,3,2,1,2,1,0,2,2,2
109,2,1,0,1,1,0,1,0,2,1,1,0,1,1,0,0,0,0,0,0,2,2,1,0,0,0,1,1,0,1
110,1,2,1,3,2,2,2,2,2,1,2,2,3,3,2,2,0,2,2,2,3,1,3,3,1,3,3,2,3,2
111,1,3,2,3,2,1,2,1,3,1,1,3,2,3,0,1,0,1,2,0,2,1,2,2,1,3,1,2,2,1
112,0,2,1,2,2,2,3,2,0,2,3,3,3,3,1,1,0,2,3,1,3,3,0,2,1,2,2,3,2,2
113,3,2,2,3,2,1,2,2,2,0,1,2,2,3,2,2,0,2,3,0,2,2,0,2,2,1,2,3,2,2
114,1,2,0,0,0,0,0,0,2,0,3,0,1,1,0,0,0,0,1,0,1,3,0,1,0,0,1,1,0,0
115,0,1,1,0,0,1,2,2,1,1,0,1,1,3,2,0,0,2,1,2,3,2,2,1,0,1,0,2,3,2
116,3,3,2,2,2,3,1,2,3,2,2,3,2,3,1,3,2,3,3,2,3,3,2,3,2,2,2,2,2,2
117,1,1,2,2,1,2,0,3,1,2,3,2,3,3,0,3,0,1,0,3,2,2,1,1,3,3,1,0,0,2
118,1,1,0,0,0,0,1,0,3,0,2,0,0,1,0,0,0,0,1,0,0,2,0,1,0,0,1,0,0,1
119,2,3,2,3,2,3,3,2,3,3,2,3,2,3,2,3,2,3,3,2,2,1,3,3,2,3,2,3,2,3
120,1,2,1,1,0,0,1,0,3,0,0,1,1,1,0,0,0,0,2,0,1,3,0,0,0,1,0,1,1,0
121,0,1,1,1,0,1,3,1,0,1,2,1,0,1,0,1,0,1,3,1,1,3,0,0,0,0,1,1,1,0
122,2,2,3,1,2,1,3,1,2,1,0,1,1,2,1,2,2,2,2,2,3,2,1,3,1,2,1,0,1,2
123,3,3,2,3,1,3,1,1,3,2,1,2,3,3,2,2,0,1,2,2,1,2,2,3,0,1,0,3,3,1
124,1,2,1,3,1,1,2,1,3,1,0,2,0,3,1,0,0,1,2,2,1,1,0,1,2,3,2,2,2,1
125,1,1,0,3,1,1,2,0,3,1,0,1,1,2,2,1,0,1,1,2,0,2,0,2,0,0,1,2,0,3
126,1,3,1,3,1,1,3,2,3,1,0,2,0,3,2,1,2,1,2,2,2,3,1,3,1,1,2,0,1,0
127,2,3,2,2,0,1,3,0,3,3,0,1,0,2,1,0,0,0,0,0,3,2,1,3,2,2,2,3,2,1
128,2,3,0,2,2,2,0,2,1,2,2,1,1,2,2,1,1,1,1,0,3,2,1,2,0,3,2,2,0,1
129,3,3,0,0,0,0,2,1,2,1,0,0,0,3,1,0,0,1,0,0,2,0,0,1,0,0,0,1,0,1
130,2,2,0,1,1,2,2,0,1,1,3,2,2,3,1,1,0,1,0,0,1,0,0,2,0,1,1,1,1,0
131,0,3,2,3,0,0,1,0,3,0,0,0,2,1,0,0,0,0,1,0,2,0,2,1,0,0,1,1,1,1
132,0,1,1,3,0,1,1,1,2,2,3,2,1,3,0,1,0,2,2,1,2,1,3,3,0,1,2,1,2,2
133,3,3,2,3,2,3,3,2,0,3,3,2,3,3,2,3,2,3,2,3,3,2,3,3,2,3,2,2,2,3
134,2,2,1,2,1,2,2,1,2,1,1,3,2,3,2,1,2,3,2,2,1,2,0,2,1,2,2,0,2,3
135,0,2,2,3,2,1,1,1,0,3,3,1,3,3,0,1,2,2,0,2,3,2,0,3,0,2,2,3,2,2
136,2,0,0,1,2,2,1,2,2,2,0,1,0,2,2,1,0,1,3,1,3,1,2,1,2,2,2,1,2,0
137,2,1,2,2,1,3,1,0,0,1,3,1,1,1,1,0,0,2,1,1,2,0,0,1,0,1,0,0,0,2
138,0,3,3,3,2,2,3,3,2,3,2,2,3,3,2,3,3,3,3,3,3,3,1,3,2,3,3,2,3,3
139,3,1,1,3,2,3,3,1,3,3,1,2,3,1,0,2,1,1,1,1,3,2,2,1,1,2,2,2,1,1
140,2,1,1,2,2,0,3,2,1,0,0,3,0,3,2,2,1,1,1,0,1,2,3,1,2,1,0,1,0,2
141,3,2,0,2,0,0,1,0,1,1,2,1,1,1,1,2,0,1,0,0,3,3,0,0,0,0,1,1,0,0
142,1,2,2,2,2,2,2,2,2,2,3,1,1,3,1,2,0,1,2,1,1,2,1,2,0,1,2,3,1,3
143,3,3,2,3,2,3,2,2,3,2,2,3,1,3,0,1,0,1,3,2,3,1,2,3,2,3,3,2,2,3
144,0,2,1,1,2,1,2,1,0,0,0,2,2,3,0,2,1,1,0,1,3,2,0,3,1,1,1,1,1,1
145,1,2,1,2,0,1,2,1,1,1,0,1,2,3,0,2,1,1,2,0,2,0,1,2,2,1,0,1,0,0
146,0,1,2,3,2,2,3,3,2,2,1,3,2,3,1,1,0,2,1,2,3,0,2,2,2,2,2,3,2,2
147,0,1,1,2,0,0,3,0,0,1,3,0,0,3,0,0,0,1,1,1,1,2,1,0,2,2,2,0,1,2
148,2,3,0,2,2,1,1,0,0,1,0,1,1,3,0,1,0,1,1,1,2,3,1,2,2,2,0,2,1,1
149,1,2,1,0,0,2,2,0,0,1,3,1,1,3,0,2,0,1,1,0,1,1,1,1,1,0,2,2,0,0
150,2,1,1,1,0,0,1,1,1,1,3,2,1,2,0,2,0,0,1,0,1,0,0,1,0,1,0,2,0,0
151,2,3,3,2,2,3,1,2,1,3,1,2,3,3,1,3,2,2,2,2,3,1,3,3,2,2,2,2,2,2
152,0,2,2,1,2,2,2,2,3,2,3,3,1,3,2,1,0,1,2,2,3,0,0,3,2,0,0,3,3,1
153,3,3,2,1,2,1,3,1,1,1,1,1,0,3,1,3,2,0,1,2,3,2,1,1,2,3,1,1,2,3
154,3,2,2,2,2,2,2,1,2,3,1,2,2,3,2,3,0,2,3,3,1,1,2,3,2,3,2,3,2,3
155,1,1,0,2,0,1,1,0,1,1,2,1,2,3,2,1,2,1,0,1,3,1,1,2,0,2,1,0,1,1
156,1,1,3,3,2,1,2,2,1,2,2,2,1,3,0,3,0,1,1,0,2,3,2,0,3,2,1,1,1,1
157,3,3,3,3,2,3,2,3,3,3,1,3,2,3,1,3,0,3,3,2,3,1,3,3,2,3,3,2,3,3
158,1,3,2,3,2,3,3,3,1,2,3,3,3,3,2,3,1,3,1,2,3,2,1,3,2,2,2,2,2,1
159,1,2,2,1,2,2,3,2,1,2,0,3,0,2,1,2,0,2,3,0,1,3,1,2,2,0,2,1,1,3
160,1,1,2,3,2,0,3,2,2,1,0,3,1,3,2,2,0,2,2,2,3,1,0,2,1,2,3,1,0,2
161,1,2,2,2,2,3,2,2,2,2,3,3,1,3,2,2,2,2,3,2,2,3,2,3,3,3,2,3,2,3
162,0,3,2,0,0,1,1,0,1,1,1,1,1,1,0,0,0,1,3,0,3,0,1,0,0,1,0,3,0,1
163,0,1,1,1,0,2,3,1,0,1,0,1,2,3,0,0,0,1,0,0,1,3,0,1,2,1,2,1,1,2
164,1,1,1,1,0,1,3,0,1,3,1,2,3,3,2,1,1,0,1,0,3,1,0,2,0,1,0,3,1,1
165,3,3,2,2,2,3,3,2,2,2,0,1,3,3,2,1,1,2,2,2,3,0,2,2,2,1,2,2,3,3
166,2,3,2,3,2,2,2,2,0,3,1,2,3,3,2,3,2,2,3,2,3,2,2,3,2,2,2,1,2,3
167,2,2,2,2,2,2,2,1,3,3,0,3,3,3,2,3,0,3,0,1,2,1,0,3,1,3,1,0,1,2
168,2,3,2,3,0,1,3,2,2,3,0,1,2,3,0,1,2,2,1,2,2,2,2,1,2,0,2,3,2,2
169,2,3,3,2,3,3,3,2,1,2,1,3,2,2,2,3,2,3,2,1,2,2,2,2,3,2,2,2,2,3
170,3,3,3,2,2,3,2,2,1,3,3,2,3,3,2,2,2,3,2,1,3,1,3,2,2,3,3,1,2,2
171,1,2,0,2,2,2,0,2,0,3,1,2,1,3,0,1,0,2,2,2,2,0,1,3,3,1,2,2,2,2
172,2,2,3,2,2,3,1,3,0,0,0,3,3,3,2,3,0,3,2,2,3,2,0,3,1,2,3,3,3,3
173,0,1,1,3,0,1,1,0,3,2,3,1,1,1,0,1,0,2,1,1,2,2,0,2,0,1,1,2,0,0
174,0,2,1,3,1,1,3,1,2,2,2,3,0,3,0,2,0,1,0,0,1,3,1,1,1,1,0,0,2,1
175,1,2,2,3,3,2,2,3,2,3,2,3,1,3,3,2,2,3,3,2,3,2,0,3,2,2,2,1,2,2
176,0,2,1,2,1,3,1,0,2,2,1,2,1,3,2,2,1,3,1,1,2,1,3,3,1,0,2,3,2,2
177,1,1,0,2,2,0,2,0,3,2,3,1,3,3,1,2,0,3,2,0,1,0,2,3,1,1,2,3,2,1
178,3,1,2,2,2,3,3,2,1,2,0,3,3,3,2,3,1,2,1,2,3,2,1,2,1,2,2,2,1,3
179,1,2,2,2,2,2,2,2,2,3,1,2,1,2,0,2,1,2,3,2,2,2,1,3,2,2,2,1,2,3
180,1,3,1,3,2,1,2,2,0,3,2,2,1,2,1,2,0,1,2,1,3,0,2,2,2,2,2,3,2,2
181,0,3,2,3,2,2,3,2,3,2,3,2,2,3,2,2,2,2,1,2,2,0,3,3,2,1,3,0,2,1
182,2,1,1,2,0,1,1,0,0,2,2,1,3,2,0,2,0,2,2,2,2,2,2,2,2,2,1,1,1,0
183,3,2,0,2,2,1,2,2,3,1,0,2,2,3,2,1,0,1,2,2,2,2,1,1,2,2,2,2,2,2
184,3,3,0,2,0,2,3,0,3,2,2,2,1,3,0,1,0,2,2,0,2,3,0,1,1,1,1,2,0,1
185,3,3,3,3,2,2,3,2,1,2,3,1,1,2,2,3,2,3,3,3,3,1,1,1,3,3,2,3,2,3
186,2,2,1,2,2,1,2,1,1,2,1,1,2,3,2,2,2,1,3,2,3,0,2,3,1,1,1,2,1,2
187,1,3,2,3,0,3,1,0,1,3,3,1,2,1,1,3,0,3,2,1,0,3,3,1,2,0,3,1,2,2
188,0,1,0,0,0,0,1,0,2,0,1,0,0,1,0,1,0,1,1,0,1,1,0,1,0,0,1,0,0,1
189,0,2,0,2,1,0,2,2,2,2,3,3,1,3,2,3,0,0,0,1,2,1,1,1,1,1,0,0,2,0
190,2,1,2,2,2,2,3,2,3,1,3,2,2,3,2,3,2,3,2,2,1,1,2,2,2,2,2,2,2,1
191,2,3,2,1,0,1,2,2,1,1,3,3,1,1,1,1,0,1,0,2,2,1,2,2,2,3,2,3,1,1
192,3,1,1,2,2,2,0,2,0,2,1,2,1,3,0,1,0,2,1,2,1,3,0,2,1,1,2,0,1,2
193,0,0,0,2,0,0,2,1,2,1,1,1,2,3,0,1,0,1,1,1,1,2,1,1,2,1,2,2,2,0
194,2,1,1,1,1,1,1,0,2,1,2,0,2,3,2,1,2,0,1,2,1,1,0,3,1,1,0,2,1,1
195,3,3,1,3,1,1,1,1,1,2,3,1,2,1,0,2,0,0,3,0,3,2,3,3,2,2,2,1,2,1
196,1,2,0,1,0,0,1,1,3,1,1,1,1,3,0,1,0,1,2,0,1,1,0,2,0,1,1,1,1,2
197,0,3,2,1,3,3,1,2,1,0,0,2,1,1,1,1,1,2,1,2,1,1,1,3,2,1,1,1,2,2
198,0,2,2,2,0,2,3,2,0,2,2,2,2,3,2,2,0,2,3,1,2,1,1,2,2,2,0,1,1,2
199,2,3,2,3,3,3,3,3,1,3,1,3,2,3,2,2,1,1,3,2,3,3,3,3,2,3,3,3,3,3
200,0,3,2,2,1,2,1,1,2,1,0,2,3,3,1,1,0,2,2,2,0,3,1,3,2,2,1,3,1,1
201,0,0,1,0,0,1,2,0,0,0,0,0,3,3,0,1,0,1,1,2,2,0,1,2,0,2,0,0,1,0
202,0,2,1,2,2,2,2,2,1,3,1,2,0,2,2,2,0,3,2,1,3,3,1,2,2,0,2,3,1,1
203,1,1,2,1,2,2,2,2,1,2,1,1,2,1,2,3,1,2,2,1,1,1,1,3,1,2,0,2,1,1
204,2,2,1,3,2,1,3,0,3,3,3,2,2,1,2,2,1,1,2,2,2,1,0,1,0,1,2,3,2,2
205,1,3,2,2,2,1,3,2,2,2,0,1,3,2,2,3,2,2,2,2,1,1,2,1,3,2,2,1,3,2
206,0,3,2,3,2,3,2,2,3,3,3,2,2,1,1,1,2,2,1,2,1,0,2,1,2,3,2,3,2,0
207,2,1,2,3,2,1,3,1,3,2,0,2,1,3,1,2,0,3,1,2,3,3,1,3,0,1,1,3,1,2
208,3,0,1,2,1,3,2,2,1,2,0,1,0,3,0,1,1,2,1,2,1,2,0,0,0,0,2,1,1,1
209,1,3,0,2,2,2,2,2,3,3,2,1,1,3,1,2,2,2,2,2,3,3,1,2,2,1,1,1,2,2
210,3,1,1,3,1,1,2,3,3,2,2,2,0,3,2,2,2,2,2,2,3,0,2,3,1,3,1,1,2,2
211,2,3,3,2,0,1,3,2,2,2,3,2,2,2,3,2,0,0,0,0,3,1,1,3,2,2,2,1,2,3
212,1,3,3,3,1,3,1,2,1,2,3,3,2,3,2,1,2,2,2,2,2,1,2,3,2,2,1,2,2,2
213,2,3,3,1,2,2,2,2,1,1,1,1,2,3,1,1,0,3,1,2,3,0,3,1,2,2,2,2,2,0
214,2,1,1,2,1,1,2,0,3,0,1,2,2,3,2,1,2,3,0,0,1,1,1,1,0,2,0,2,2,2
215,1,2,1,1,1,2,3,2,0,2,2,2,2,3,0,2,0,2,1,2,2,3,1,2,2,2,1,2,1,2
216,2,1,0,2,2,1,3,0,3,1,2,0,3,3,0,2,0,1,1,1,1,2,1,0,2,1,2,3,1,3
217,0,2,2,2,0,0,0,0,1,3,3,0,2,3,0,1,0,1,3,1,1,2,0,1,1,0,1,0,0,1
218,0,3,3,1,2,3,3,3,1,3,0,3,2,3,0,2,2,2,3,1,2,0,2,1,2,1,1,3,1,2
219,1,2,1,2,2,1,2,2,2,2,1,1,0,3,2,1,0,2,0,1,1,3,1,2,1,0,1,1,2,1
220,0,1,1,3,0,0,1,0,3,2,2,0,1,3,1,2,0,2,0,2,0,1,0,2,1,2,0,3,0,0
221,3,3,2,2,2,2,3,2,1,3,0,2,3,3,2,2,1,2,3,2,2,1,2,2,2,2,2,3,2,2
222,1,1,0,2,0,2,0,0,0,0,2,0,0,1,0,1,1,0,1,0,1,3,1,2,0,1,3,2,1,0
223,1,1,0,2,0,0,2,0,0,1,2,1,1,2,1,1,0,2,1,2,1,1,2,3,0,0,1,0,3,0
224,1,1,1,1,1,0,0,1,2,0,0,0,1,0,0,1,0,1,1,0,2,2,0,2,0,0,1,0,0,0
225,1,3,2,2,2,3,2,3,3,2,3,3,2,3,0,3,0,2,2,3,2,3,2,0,2,2,3,1,2,3
226,1,3,3,2,2,3,1,2,0,2,2,2,1,3,2,2,2,2,1,2,3,2,2,3,2,3,1,1,2,3
227,3,1,3,3,2,2,3,2,3,1,3,3,2,3,2,2,2,3,2,2,2,1,1,2,3,3,2,2,3,3
228,0,0,1,3,1,2,3,1,1,3,0,1,2,3,0,1,0,0,1,2,1,2,0,2,2,1,1,0,1,1
229,1,1,2,3,2,0,2,0,1,3,2,1,2,3,2,2,0,1,1,0,2,3,0,1,3,2,2,0,2,1
230,0,3,2,1,1,3,3,1,0,1,3,1,1,2,1,2,0,2,1,2,1,2,3,3,2,2,2,0,3,1
231,1,2,1,2,1,3,3,2,3,3,1,2,2,3,2,2,2,2,2,1,2,3,2,2,2,2,2,2,2,2
232,1,3,2,3,1,3,2,0,3,2,0,1,1,3,1,2,0,2,2,2,3,0,1,0,0,1,1,2,0,1
233,1,1,2,2,1,2,1,1,2,2,1,2,2,3,1,1,1,1,1,1,1,2,0,3,2,2,2,1,0,2
234,1,1,1,1,0,1,1,0,2,0,2,1,1,0,2,0,0,2,1,0,1,2,0,1,0,0,1,0,0,0
235,1,1,0,0,0,0,2,0,0,1,0,1,0,1,0,0,0,2,0,0,2,1,0,2,2,2,1,0,1,1
236,2,2,0,2,1,0,2,0,1,0,0,1,2,3,0,2,0,3,0,2,1,2,1,2,0,1,0,3,1,1
237,2,3,2,2,1,1,1,1,2,2,2,2,2,3,0,3,0,3,2,1,1,1,0,1,1,2,1,3,1,1
238,3,3,1,2,0,1,3,2,0,1,1,1,0,2,0,1,0,0,2,2,1,1,0,1,0,2,1,1,0,0
239,3,2,2,2,2,2,1,2,2,2,1,2,1,3,0,1,0,2,0,1,2,2,1,2,1,2,1,2,2,1
240,3,1,2,1,1,2,2,2,1,1,1,2,3,1,2,2,0,1,2,2,2,1,1,1,1,2,2,2,2,3
241,2,3,2,3,2,2,3,3,3,3,1,2,2,2,1,2,2,2,2,2,3,3,1,3,3,3,2,2,2,3
242,0,1,2,1,0,0,1,0,2,0,3,1,0,3,0,1,1,0,1,2,3,0,0,2,2,0,1,1,1,0
243,3,0,0,1,0,1,0,0,0,1,3,0,0,1,1,0,0,0,0,0,1,0,0,1,0,0,0,1,0,1
244,2,3,3,3,2,3,2,2,1,3,0,2,3,3,2,2,0,3,2,0,2,3,1,3,2,2,3,2,3,3
245,2,1,2,3,0,1,2,1,3,2,3,1,3,3,1,1,1,3,1,1,3,0,1,1,1,1,0,2,1,2
246,3,3,1,3,1,1,3,1,3,2,3,2,3,3,2,2,2,1,1,1,3,1,2,1,0,2,2,2,2,2
247,1,1,3,3,2,2,2,1,1,2,0,3,3,3,2,3,2,2,1,2,2,3,2,3,2,3,3,3,2,3
248,0,3,2,2,2,3,3,3,2,3,2,3,3,3,2,2,0,3,1,2,1,1,2,3,2,2,2,2,2,1
249,0,2,2,1,2,2,1,2,1,3,2,3,2,3,2,3,0,2,3,2,2,3,2,3,2,2,2,2,2,3
250,1,1,3,1,0,1,1,0,0,0,1,2,1,1,0,1,1,0,2,0,1,3,0,0,1,1,0,2,0,1
251,1,3,2,2,1,1,2,2,3,3,1,2,3,3,1,2,2,1,2,0,1,0,2,3,1,1,1,2,1,2
252,0,2,0,0,0,1,2,0,2,0,0,0,1,3,0,0,0,0,0,1,0,1,0,0,0,0,0,3,0,0
253,1,3,1,3,1,3,1,2,1,2,1,3,2,3,2,1,0,1,3,2,3,3,0,2,2,1,1,2,2,1
254,0,1,0,1,0,0,1,0,3,2,0,1,0,3,1,1,0,1,2,1,1,0,1,1,2,2,1,3,1,0
255,1,2,1,1,0,0,2,0,2,0,2,1,0,1,0,1,1,0,0,0,0,2,0,0,0,0,0,0,1,1
256,3,3,2,0,0,2,3,1,3,1,0,0,0,3,1,0,0,1,2,0,2,1,2,3,1,1,1,2,1,1
257,0,1,0,3,2,3,1,1,2,3,1,2,1,3,2,2,2,2,2,2,2,1,2,1,0,2,1,0,2,1
258,0,2,2,3,2,3,3,3,1,3,2,2,3,3,3,3,3,3,2,2,3,2,2,3,3,2,3,2,3,3
259,0,2,1,1,0,0,1,2,3,2,0,1,2,2,1,0,0,0,1,0,1,3,1,1,0,0,0,1,0,1
260,2,3,2,2,1,0,1,1,0,1,3,1,2,3,0,1,0,1,0,0,1,0,1,0,0,2,2,1,0,0
261,1,2,1,3,2,3,3,2,2,2,1,3,3,3,1,2,0,3,3,2,3,1,0,3,2,2,1,3,2,3
262,1,3,2,2,2,1,2,1,3,2,1,2,1,2,0,0,2,2,2,2,2,2,1,3,1,1,2,2,2,2
263,1,1,0,1,0,1,1,1,1,2,3,1,0,1,0,1,0,1,0,1,2,0,1,1,0,1,0,3,1,1
264,3,3,2,3,3,3,2,2,2,2,3,1,1,3,1,2,0,1,2,2,3,3,2,3,0,3,1,1,2,2
265,1,2,0,3,0,1,2,1,1,1,0,2,2,3,1,1,0,1,1,0,3,0,1,2,0,0,2,1,1,2
266,1,3,2,3,2,3,2,2,2,3,3,2,1,3,0,3,2,3,2,2,3,0,2,2,2,3,3,2,3,2
267,2,3,0,3,2,1,0,0,3,2,2,1,1,1,0,3,0,1,1,1,3,1,2,1,0,1,2,2,2,1
268,2,1,2,0,1,0,2,1,1,1,1,3,3,3,1,1,0,1,2,0,3,3,1,3,1,1,2,1,2,1
269,1,2,3,1,2,1,2,1,2,3,2,2,2,3,2,0,0,1,1,0,1,0,1,1,0,3,1,2,2,2
270,1,1,3,1,2,1,1,2,1,2,1,1,2,3,0,2,0,2,1,2,3,0,1,2,1,2,2,0,2,3
271,0,1,3,3,2,3,3,2,2,1,3,2,3,3,2,2,0,3,2,1,2,1,2,3,2,1,2,3,1,2
272,2,2,2,0,1,1,0,1,0,1,2,1,0,3,0,2,0,2,2,0,3,2,2,2,1,2,1,2,2,1
273,2,0,1,1,0,0,3,0,0,1,2,2,1,3,0,2,0,2,2,2,2,3,1,0,0,3,2,1,2,1
274,1,1,0,1,0,0,0,0,0,1,2,1,1,1,0,1,0,1,0,0,1,0,1,1,0,1,1,2,2,0
275,0,1,0,1,1,0,1,0,3,1,1,0,1,1,0,2,0,0,2,0,3,3,0,0,0,0,1,2,0,1
276,2,2,2,1,1,2,3,1,0,0,3,2,2,3,1,1,2,2,2,2,3,0,3,3,1,3,3,2,2,3
277,3,3,2,3,2,3,3,3,3,2,0,2,2,3,2,2,2,3,3,2,3,0,2,3,2,2,2,1,2,3
278,3,3,3,2,2,1,3,1,2,2,0,2,3,1,2,1,2,3,2,2,3,2,0,3,1,2,3,3,2,2
279,3,2,1,1,0,2,2,1,3,1,2,2,0,2,1,1,0,1,1,1,2,3,1,1,0,2,1,1,1,1
280,2,1,2,1,1,1,1,0,2,1,3,0,2,3,1,1,0,1,2,0,1,1,0,1,0,1,0,2,2,0
281,1,1,2,2,2,1,2,1,2,2,2,2,3,3,0,1,1,2,2,1,2,1,2,1,1,0,1,3,2,1
282,1,3,1,3,2,2,3,2,1,2,0,2,2,3,1,2,1,1,2,1,2,2,2,3,0,2,2,1,2,3
283,3,3,2,3,2,2,3,2,0,2,0,2,3,1,2,1,0,2,0,2,3,1,2,2,3,3,1,1,2,1
284,1,3,1,1,1,2,1,1,0,3,2,2,2,3,0,0,0,2,1,1,1,1,1,3,2,2,2,2,2,1
285,3,2,3,3,2,2,2,2,1,3,0,3,1,3,2,2,3,3,2,2,3,1,2,3,2,3,2,0,2,3
286,2,3,1,3,1,1,1,2,2,2,0,2,1,3,2,3,2,1,2,2,3,0,2,1,2,1,1,3,2,3
287,3,2,2,1,1,3,3,1,0,1,0,2,2,3,2,1,0,1,2,1,1,2,0,1,2,2,1,3,2,2
288,2,3,1,1,1,1,3,2,2,0,1,1,2,3,0,1,0,1,1,0,1,3,0,2,2,1,2,0,0,2
289,1,3,2,2,1,2,3,2,1,3,0,0,1,3,1,3,2,1,1,1,3,3,1,3,1,2,2,3,1,2
290,2,1,1,0,0,1,2,0,0,1,3,1,2,2,0,1,0,0,1,0,1,0,0,1,0,0,1,1,1,0
291,0,2,2,2,0,1,1,2,0,3,1,2,0,3,2,2,0,2,2,1,2,0,1,3,1,1,0,3,2,2
292,2,3,2,2,2,3,2,2,0,3,2,3,2,3,0,2,2,2,2,2,1,0,3,3,0,3,2,2,3,3
293,1,1,1,0,2,2,3,0,0,1,2,1,0,3,0,1,0,2,0,1,2,0,0,3,0,1,1,2,1,0
294,3,1,1,1,1,1,1,2,0,3,1,0,0,1,0,2,1,2,2,2,2,0,0,1,1,0,1,2,1,1
295,2,3,3,2,2,3,2,2,1,2,1,1,2,3,2,1,2,2,3,2,2,1,2,3,2,2,3,1,3,3
296,0,3,3,1,2,3,3,2,2,2,1,3,2,3,3,3,1,3,1,3,3,0,2,3,3,3,3,2,2,3
297,2,2,2,3,2,2,3,2,3,1,2,1,2,3,0,2,0,3,1,3,3,2,2,2,2,2,3,2,1,2
298,1,1,3,3,2,3,2,3,2,3,1,3,1,3,2,2,2,2,2,2,2,2,1,3,2,3,2,3,2,3
299,3,2,3,2,1,2,1,2,2,1,2,3,3,3,0,3,1,1,1,1,3,0,0,3,2,2,1,2,1,1
300,3,2,0,1,0,0,1,0,1,1,1,2,0,1,0,1,2,1,0,0,3,2,1,2,2,0,0,1,1,0
301,2,2,2,2,0,3,1,2,1,1,0,2,1,1,1,1,0,1,1,0,2,2,2,1,0,2,1,1,2,1
302,2,3,1,2,1,0,3,0,3,3,3,1,1,3,0,2,0,0,2,0,1,3,0,1,0,0,1,2,1,0
303,2,1,1,2,1,2,1,2,0,1,0,1,2,3,2,1,0,1,2,0,1,1,0,3,0,2,2,2,1,3
304,3,3,3,3,3,3,3,2,1,2,2,2,2,3,3,2,3,3,3,2,3,2,2,3,3,3,3,3,2,3
305,3,3,2,1,2,2,3,2,1,3,3,0,1,3,2,0,0,1,2,2,1,0,1,1,0,2,1,2,1,2
306,2,2,1,1,1,1,3,1,0,2,2,2,3,3,2,1,2,2,0,2,2,0,0,1,0,1,0,1,2,2
307,1,2,2,2,2,1,3,2,2,1,1,2,2,3,0,1,1,2,3,3,0,3,1,3,2,1,2,1,2,2
308,0,1,0,1,0,2,1,1,3,1,3,1,1,3,1,1,1,2,1,0,0,2,1,0,1,1,0,0,0,0
309,3,3,3,3,1,2,3,3,3,3,3,3,2,3,2,3,2,2,2,2,3,2,2,3,0,2,2,3,3,3
310,3,1,1,1,1,1,1,0,0,2,2,0,1,3,0,2,0,2,1,0,0,1,1,1,0,2,1,3,1,2
311,0,2,2,2,2,2,1,3,0,2,3,2,2,2,2,2,2,3,2,2,2,2,2,3,2,3,2,2,2,2
312,1,3,1,3,2,0,3,1,1,2,2,2,3,3,0,1,2,3,2,1,3,2,1,1,0,1,3,3,2,1
313,2,3,3,3,2,3,3,3,3,3,0,3,2,2,1,3,2,2,2,2,3,1,3,3,2,3,2,3,2,3
314,0,1,0,3,2,2,2,2,2,0,3,1,1,3,2,2,0,2,1,1,2,1,0,3,2,2,1,3,1,2
315,1,2,2,3,2,2,3,2,0,3,1,2,3,3,2,1,0,3,1,1,3,1,2,2,2,2,0,2,2,3
316,1,1,0,0,0,1,1,0,2,1,3,0,0,1,0,2,0,1,1,0,0,3,0,1,0,0,2,1,2,1
317,2,2,1,3,3,1,2,2,0,3,0,3,3,3,1,3,2,3,1,2,1,1,1,0,0,2,1,3,2,1
318,2,1,3,1,1,1,1,0,2,1,3,0,1,3,0,1,0,1,1,1,2,0,1,1,0,1,2,1,2,2
319,0,1,1,2,2,2,3,1,0,1,0,1,1,3,2,1,0,2,0,1,1,2,1,3,0,2,2,0,1,3
320,2,3,2,2,2,3,3,2,0,2,2,2,3,3,3,3,2,3,3,1,3,1,2,2,2,2,1,3,2,2
321,2,1,3,3,2,3,1,2,0,1,2,2,2,3,2,2,2,2,3,1,3,3,1,3,1,3,3,2,3,3
322,1,3,1,2,2,2,3,2,2,1,3,2,3,3,1,2,2,2,1,2,3,0,2,2,0,2,3,1,3,2
323,3,2,1,2,2,3,2,2,3,3,3,1,3,3,3,1,0,2,0,0,3,1,2,2,2,3,3,3,1,3
324,0,2,3,2,2,2,2,0,1,3,0,3,1,3,2,2,0,1,2,2,3,1,0,2,0,2,1,3,2,1
325,1,1,1,2,0,0,0,2,0,2,0,0,1,3,1,2,0,0,2,0,1,1,0,1,1,0,0,1,0,1
326,0,0,1,2,2,1,2,2,3,3,1,2,1,3,2,3,0,2,2,3,2,2,1,3,1,3,3,3,2,3
327,0,3,3,1,2,2,2,2,2,1,1,1,1,3,2,3,2,2,1,0,1,1,3,2,1,1,2,1,1,1
328,1,2,3,3,2,3,3,2,0,3,0,3,3,3,1,2,2,3,2,3,3,2,2,3,1,3,3,3,2,3
329,1,3,2,2,2,2,0,1,2,1,0,1,2,3,0,0,0,1,2,2,1,0,1,2,0,0,0,2,1,1
330,2,2,1,2,1,1,2,2,3,1,1,3,2,3,0,1,0,2,2,1,2,3,2,2,0,0,1,2,0,1
331,2,2,2,3,3,3,3,3,0,3,2,3,1,3,2,2,2,2,3,2,3,2,2,3,3,3,2,2,2,2
332,1,3,2,2,2,1,2,2,3,2,0,2,1,3,3,2,1,2,2,2,3,3,2,2,1,2,2,0,1,3
333,0,2,1,1,1,1,1,1,3,3,3,1,0,3,0,1,1,1,0,1,3,2,1,2,1,1,1,0,1,2
334,0,3,2,1,2,2,3,2,1,3,2,2,1,3,2,2,2,2,2,1,1,2,3,3,3,3,3,3,3,3
335,2,3,3,3,2,1,0,2,0,3,3,1,3,3,2,3,1,2,1,1,1,3,1,1,2,2,2,3,1,2
336,3,0,1,1,0,0,1,0,1,0,1,3,0,2,1,1,0,0,2,0,1,3,0,2,3,2,2,0,1,1
337,2,0,1,2,0,3,1,2,0,0,2,1,1,2,0,0,0,2,1,0,2,3,1,2,0,1,1,0,1,0
338,2,2,2,3,2,2,1,2,0,2,1,3,3,3,2,3,2,2,2,2,2,3,1,1,2,2,2,1,3,2
339,2,1,1,3,0,2,1,0,3,2,3,1,3,1,2,1,0,0,0,0,3,2,2,1,0,1,2,1,0,2
340,2,2,2,3,1,2,2,2,3,3,3,2,2,3,1,3,2,1,2,1,2,2,3,3,3,2,2,3,2,3
341,0,1,0,0,0,1,1,0,1,0,1,1,1,3,1,1,0,0,1,0,1,2,0,0,0,0,2,1,0,0
342,1,3,3,2,2,3,3,1,0,2,0,2,2,3,1,3,0,1,2,1,3,2,3,3,1,2,2,1,1,2
343,2,0,0,2,2,1,1,0,3,2,3,2,1,2,1,1,0,1,2,0,1,2,2,3,2,1,1,1,0,3
344,2,1,0,3,0,2,1,2,3,1,3,0,0,3,1,3,0,1,2,0,1,2,2,1,0,2,1,0,1,1
345,1,1,2,2,1,1,3,1,2,1,2,2,1,1,0,2,0,0,2,0,0,3,1,3,0,2,1,3,1,1
346,1,1,0,2,0,3,1,0,0,1,3,1,0,1,0,0,0,2,1,0,1,0,0,1,0,2,2,2,2,0
347,3,3,2,1,2,2,3,2,1,2,0,1,2,3,0,1,2,3,2,1,0,0,1,3,1,2,2,2,2,3
348,2,1,2,1,0,1,1,2,1,1,1,0,0,1,0,0,0,2,0,0,1,1,1,1,0,2,1,1,2,0
349,3,2,2,3,2,2,1,2,3,3,3,2,2,3,2,3,2,2,2,2,3,0,3,3,2,1,2,2,3,1
350,2,2,0,1,1,1,2,1,1,1,2,2,1,3,0,2,0,2,3,0,3,0,0,1,1,1,0,1,1,2
351,1,3,1,1,1,2,3,0,1,1,2,2,1,3,0,0,0,1,1,2,1,1,1,1,0,2,3,0,1,2
352,0,1,1,2,2,1,1,0,0,1,3,2,2,3,1,1,0,1,0,0,1,0,0,1,1,1,1,0,2,1
353,2,2,1,0,2,2,1,2,3,1,3,1,1,3,1,1,0,2,0,2,1,2,2,2,2,1,3,0,1,1
354,2,2,1,1,0,0,0,1,3,1,3,1,0,3,0,1,0,0,1,0,2,0,0,1,1,0,0,1,0,1
355,2,1,0,1,0,1,0,0,2,1,3,1,3,3,1,1,0,1,1,0,2,2,0,0,1,1,1,1,1,1
356,2,2,2,3,1,3,1,2,2,1,2,2,3,3,2,3,0,1,0,0,3,3,0,1,1,0,1,2,2,2
357,1,1,2,2,0,1,0,2,3,1,1,2,1,2,2,1,1,2,0,0,1,3,1,3,0,1,2,0,2,3
358,1,1,2,3,2,2,3,2,2,1,0,2,1,3,2,2,2,2,3,2,2,2,2,2,1,2,1,1,2,2
359,0,1,2,1,1,1,1,1,1,3,1,1,0,3,2,1,1,1,1,1,1,1,1,2,1,2,2,0,1,1
360,0,3,1,1,2,2,3,3,2,1,1,2,2,1,0,1,2,2,2,1,3,1,2,3,2,3,2,2,2,3
361,0,1,2,1,0,2,0,1,0,1,1,1,1,1,1,1,0,0,0,0,2,3,1,2,1,1,1,1,1,2
362,0,1,2,1,1,1,2,2,3,3,2,1,0,3,1,2,0,2,0,2,3,1,1,1,1,2,3,3,2,1
363,2,2,0,1,0,0,2,0,2,1,2,2,2,1,0,0,0,1,1,1,1,0,0,0,0,1,0,0,0,0
364,3,3,2,1,2,2,1,2,2,3,0,3,1,3,2,3,1,3,2,0,2,0,1,2,1,3,1,1,1,1
365,0,2,3,3,2,2,1,3,3,1,0,2,2,3,2,1,2,3,2,2,2,3,3,2,3,2,1,3,2,3
366,3,3,2,3,2,2,2,3,0,1,3,3,3,2,2,3,2,3,3,3,3,2,3,3,2,3,2,3,2,2
367,0,1,0,0,0,0,1,1,0,0,0,1,0,1,0,1,0,0,1,0,0,0,0,0,0,0,0,0,0,0
368,1,3,3,3,2,2,2,2,3,3,2,2,2,3,2,3,2,2,2,2,3,3,2,2,3,3,2,3,2,3
369,2,3,0,1,0,2,2,3,1,2,0,3,2,3,3,2,0,2,1,1,2,0,0,3,0,0,2,1,1,3
370,1,2,0,1,0,1,1,0,0,3,1,1,1,3,0,0,1,1,2,1,1,3,0,1,0,2,1,0,2,1
371,1,3,2,3,3,1,3,3,0,3,1,2,3,3,1,3,1,2,2,2,3,0,3,3,0,2,2,2,3,3
372,1,2,0,1,1,1,1,1,1,1,0,2,0,2,2,0,0,1,0,0,1,0,0,2,0,0,0,1,0,0
373,1,1,1,2,2,2,2,2,3,2,0,3,2,1,0,2,1,1,2,2,1,0,1,2,1,2,2,0,3,1
374,3,3,1,1,2,2,2,1,1,2,0,3,1,3,2,1,0,2,3,2,2,2,1,2,0,2,2,1,3,2
375,0,2,1,3,2,3,3,2,0,1,2,2,3,3,0,3,0,3,2,2,3,2,3,2,2,2,3,0,2,2
376,0,2,3,2,1,2,3,2,0,3,0,1,3,3,1,1,1,1,1,2,2,1,2,3,2,2,1,3,2,1
377,0,2,1,2,2,2,2,1,1,2,2,3,2,3,0,3,0,3,3,2,3,2,2,1,0,2,1,2,3,1
378,2,2,2,2,2,3,1,2,3,3,1,3,2,2,0,1,0,1,3,2,2,1,2,3,0,2,2,2,1,1
379,2,3,3,3,2,3,2,3,1,3,0,2,3,3,1,2,2,2,3,1,3,3,2,2,2,1,3,1,3,3
380,2,3,2,3,2,2,3,3,2,1,2,2,1,3,3,2,0,1,2,2,3,0,1,3,1,2,1,1,2,1
381,1,0,0,0,0,0,1,0,2,0,3,0,0,1,0,0,0,0,0,0,0,1,0,0,0,0,0,1,0,1
382,2,2,1,2,2,2,3,2,2,1,0,3,3,2,2,0,1,2,2,0,1,1,1,2,0,1,2,3,1,1
383,0,2,2,3,1,2,1,1,3,2,1,2,3,3,2,3,0,2,3,2,2,2,2,1,1,0,2,1,0,2
384,1,3,2,1,2,1,3,2,3,2,2,2,1,3,0,1,2,1,2,2,2,0,1,3,2,2,1,1,2,3
385,0,1,1,1,0,1,2,1,0,1,3,1,1,1,0,1,0,0,3,0,1,0,2,0,0,1,1,1,1,1
386,3,2,1,2,0,1,3,1,3,1,2,2,3,2,2,2,2,1,3,2,3,1,2,3,2,1,2,2,2,1
387,1,2,2,0,0,1,0,1,1,3,0,1,2,3,3,1,0,1,0,1,3,2,2,0,2,1,2,0,2,1
388,2,0,0,2,0,0,1,2,2,2,0,1,3,3,0,1,0,2,0,0,1,1,2,2,1,1,1,3,1,0
389,0,2,2,1,0,0,0,0,2,2,2,1,1,3,0,1,0,1,2,0,1,3,1,1,0,2,1,1,1,0
390,3,2,2,3,2,2,1,2,3,3,3,2,2,3,2,3,0,2,3,3,0,3,2,1,2,1,2,2,2,2
391,3,1,1,2,0,2,1,0,2,1,0,0,3,1,0,1,0,1,0,0,3,1,0,0,1,1,1,2,1,1
392,0,2,2,1,2,2,1,2,3,1,2,2,2,2,2,0,1,2,2,2,2,1,2,2,2,2,2,3,2,3
393,1,3,1,3,2,2,2,2,3,2,0,2,2,3,1,2,0,2,2,1,2,0,2,1,2,1,1,3,2,3
394,1,0,1,2,2,2,2,2,1,2,2,2,1,3,0,1,2,2,1,1,3,1,1,3,1,2,2,3,2,1
395,3,2,2,2,2,2,2,1,3,1,3,2,0,3,0,1,0,0,1,2,2,2,2,2,1,1,1,0,1,2
396,2,3,2,3,1,1,2,2,3,2,2,2,2,1,2,1,0,1,3,2,1,1,3,3,0,2,3,0,1,2
397,1,2,2,3,2,2,3,1,3,2,3,3,2,2,3,1,0,3,1,2,3,0,2,3,2,2,2,1,2,3
398,3,1,1,2,2,3,2,2,0,3,1,3,2,2,2,2,2,3,2,1,3,0,3,3,1,1,2,3,2,3
399,1,0,0,1,0,1,1,0,0,2,3,1,0,1,0,0,0,1,1,0,0,3,0,0,0,1,0,0,0,1
400,0,3,2,1,2,1,2,1,3,3,0,3,1,1,1,2,0,2,2,2,1,3,1,1,2,0,2,3,2,2
401,1,1,2,2,2,2,2,2,0,0,0,2,0,3,0,3,0,1,2,0,2,2,2,1,1,1,1,3,2,2
402,2,1,0,0,0,1,3,0,3,1,3,1,1,1,0,0,0,0,0,0,1,3,0,2,0,1,1,0,0,1
403,3,2,0,1,1,1,0,1,0,2,0,0,0,3,1,0,2,1,0,0,1,2,0,0,0,2,1,1,1,1
404,2,3,3,1,2,1,1,1,0,3,1,3,2,3,2,2,0,2,2,0,3,2,2,3,2,0,2,2,2,3
405,2,1,0,1,1,2,1,0,2,2,0,2,2,1,0,2,0,2,1,1,2,3,0,3,0,1,1,3,2,0
406,3,0,0,0,0,0,0,0,3,1,3,1,1,3,0,0,0,1,0,0,1,0,0,1,0,1,0,1,1,0
407,3,1,1,1,1,2,2,2,1,2,0,0,2,3,1,2,0,1,2,1,1,2,2,2,0,2,2,2,2,2
408,2,2,2,3,1,2,2,2,3,1,1,2,3,3,2,1,0,0,2,1,2,0,0,3,2,3,2,1,2,1
409,3,3,2,2,3,3,3,2,2,2,0,3,2,2,1,2,2,2,2,3,3,1,2,3,2,2,3,3,2,1
410,1,1,0,1,0,2,2,1,3,2,3,2,0,1,0,2,0,1,2,0,1,1,0,2,1,2,1,2,2,2
411,3,2,2,2,2,2,3,2,1,3,1,2,2,3,1,2,0,1,2,2,2,2,1,1,0,3,2,3,2,2
412,3,3,2,2,0,2,3,2,2,3,0,3,3,3,1,2,2,2,2,2,3,2,1,1,2,0,1,3,0,1
413,0,2,2,1,1,2,3,2,3,3,0,2,2,3,1,2,2,2,1,1,3,2,0,2,2,2,2,2,2,2
414,2,1,3,1,0,0,1,1,3,3,1,2,0,1,2,2,0,0,0,2,1,1,1,3,1,1,2,0,2,1
415,0,3,2,3,2,2,3,2,0,2,0,3,1,3,3,2,1,1,2,1,3,1,2,3,2,3,2,2,1,2
416,3,3,1,3,2,3,3,3,3,2,3,2,1,1,1,2,1,2,2,3,1,3,1,3,2,2,2,2,3,2
417,3,0,1,2,1,2,1,2,2,3,1,1,1,3,0,1,0,2,2,2,3,2,0,1,2,1,0,2,0,1
418,0,1,1,1,0,3,0,2,2,1,3,2,1,3,0,2,0,1,2,1,1,1,1,2,2,2,2,1,1,2
419,3,1,1,2,2,2,2,1,2,2,2,1,3,3,2,3,1,2,2,2,2,3,2,3,2,3,2,2,3,2
420,2,1,1,1,0,0,1,0,2,1,3,1,2,3,0,1,0,2,1,0,2,1,0,2,0,0,1,3,1,1
421,0,3,3,3,2,2,3,2,2,3,2,3,1,3,1,2,2,2,3,2,3,3,3,1,2,3,1,1,2,1
422,0,3,0,0,1,2,2,1,0,2,2,1,0,1,0,1,0,0,1,0,1,2,1,1,0,2,1,2,1,1
423,3,3,3,3,2,2,2,2,2,3,0,2,3,3,2,2,2,2,2,2,3,2,1,1,2,3,2,3,1,3
424,0,1,0,1,0,0,0,0,3,0,0,1,0,1,0,0,0,1,1,0,2,3,0,1,0,2,1,2,0,1
425,1,3,2,2,2,2,3,2,3,2,3,2,3,3,2,2,2,2,2,2,3,2,2,3,1,0,0,3,1,3
426,0,2,0,1,0,0,0,0,1,1,3,1,1,3,1,1,0,1,1,0,2,3,1,2,0,1,1,2,1,1
427,1,1,2,1,1,1,2,0,1,1,3,2,1,1,0,1,0,1,0,1,3,1,0,1,2,1,1,0,2,2
428,1,1,2,1,0,1,2,1,3,1,0,1,1,3,2,1,0,2,1,0,2,3,1,3,1,2,1,1,2,2
429,2,3,2,3,2,2,3,3,3,3,1,2,3,3,2,3,2,3,2,2,3,3,3,3,2,3,2,1,3,3
430,0,3,1,3,2,3,3,2,3,3,2,3,2,3,0,3,2,2,2,2,1,3,2,3,2,2,3,2,3,3
431,2,2,1,2,2,1,3,2,0,3,3,2,3,3,3,2,2,1,2,3,1,1,1,3,3,3,3,3,2,3
432,2,1,3,3,1,2,3,2,3,2,0,2,2,3,3,2,0,2,1,2,2,3,1,3,2,2,2,1,2,1
433,0,3,1,1,0,2,2,1,1,2,1,0,3,1,2,0,0,2,2,1,2,2,1,1,0,2,1,1,2,2
434,3,1,2,2,2,1,2,1,2,3,1,2,1,3,0,3,2,1,2,1,1,1,1,3,1,2,1,2,2,2
435,2,1,0,3,0,1,1,1,2,2,3,0,0,3,2,2,0,2,1,1,2,1,0,1,0,0,3,0,2,2
436,1,2,2,2,1,2,2,1,2,1,2,2,2,3,0,2,0,0,1,1,1,0,2,3,1,2,0,2,2,3
437,0,2,2,3,2,3,3,2,1,3,3,2,2,3,3,3,2,3,2,3,1,0,2,3,2,2,3,1,3,2
438,2,3,0,1,0,0,3,1,1,1,3,2,2,1,0,1,0,2,1,0,1,1,0,1,0,1,2,0,0,0
439,1,2,2,0,1,2,1,1,2,2,2,2,2,3,2,1,0,1,1,2,2,2,1,0,1,0,1,3,1,1
440,2,3,3,3,3,3,3,2,3,3,3,2,3,3,2,2,2,3,3,2,3,2,3,3,3,3,1,3,2,3
441,1,0,0,2,1,2,2,1,0,1,2,2,1,3,0,2,0,1,0,1,0,0,1,1,0,1,0,1,2,2
442,3,2,2,2,0,1,2,0,2,0,0,2,2,3,2,2,0,1,1,0,3,0,0,2,1,2,2,2,0,2
443,0,3,1,3,2,1,2,1,0,1,1,2,1,1,2,2,2,3,3,2,3,1,2,1,2,1,3,3,3,2
444,2,1,0,0,0,0,3,1,3,1,3,0,1,3,1,1,0,0,2,0,2,3,0,2,0,2,1,2,1,1
445,2,3,0,1,0,2,1,1,2,1,3,1,2,3,1,2,1,1,2,1,0,2,2,2,0,1,1,1,1,2
446,2,3,2,3,2,3,3,2,0,2,3,3,3,3,2,3,0,2,2,2,2,3,1,2,2,1,2,2,1,3
447,0,2,2,1,1,2,1,2,3,3,2,1,1,2,0,1,1,2,3,0,1,0,0,3,0,2,1,3,2,1
448,1,3,3,3,2,3,3,2,2,3,0,1,1,3,1,2,2,2,2,2,2,1,2,3,2,2,2,3,2,2
449,2,1,1,1,0,1,2,1,3,1,1,0,0,3,2,1,0,1,1,0,0,1,0,1,0,0,1,0,0,1
450,1,3,1,2,0,0,1,0,1,1,0,2,0,1,0,1,0,1,1,2,3,1,0,0,0,2,1,1,2,2
451,3,2,1,2,2,0,2,1,0,3,1,0,2,3,0,2,0,2,1,2,1,1,1,1,2,1,1,2,2,1
452,2,1,1,2,2,2,3,2,3,1,0,1,2,2,2,1,2,2,1,1,2,3,2,1,2,2,1,2,3,1
453,2,2,1,2,1,2,2,2,0,2,3,1,1,3,2,2,0,2,1,3,1,1,1,1,2,1,1,2,2,2
454,0,1,0,3,0,0,0,2,1,2,2,1,1,1,1,2,2,0,2,2,2,0,0,1,1,1,2,1,1,1
455,2,1,0,1,0,1,2,0,3,2,0,0,1,3,2,1,0,1,2,1,1,2,0,0,2,0,0,3,2,1
456,3,3,1,3,2,3,3,2,3,3,1,2,1,3,2,2,0,2,3,2,2,1,1,2,2,2,2,2,2,1
457,3,1,1,2,0,0,2,1,0,0,0,1,0,1,0,0,0,2,2,0,1,1,2,1,0,1,0,2,1,1
458,3,3,2,2,2,2,3,2,1,2,1,3,3,1,0,0,0,1,1,1,2,3,2,2,1,2,2,3,2,2
459,2,3,2,2,2,2,3,3,0,3,3,2,3,3,2,3,2,3,1,2,2,3,3,2,2,3,2,2,2,1
460,2,3,1,2,1,2,1,2,1,1,2,1,2,1,0,1,0,1,1,0,1,2,2,1,2,1,1,1,1,1
461,2,3,1,2,2,1,2,1,2,2,1,1,1,1,0,3,0,2,1,2,2,3,2,2,0,2,1,3,2,2
462,2,2,0,1,1,1,0,1,1,2,0,1,3,1,1,1,0,1,0,0,3,1,0,1,0,2,1,2,1,1
463,1,0,2,1,0,2,1,1,3,1,2,1,0,1,0,1,0,1,0,1,2,0,1,1,0,0,1,2,0,1
464,1,3,1,2,1,0,2,0,3,1,3,3,1,2,1,2,0,2,1,1,0,1,2,2,1,1,1,3,0,1
465,0,1,2,3,1,0,1,3,1,2,3,0,3,2,0,0,0,2,1,0,2,1,2,2,0,0,1,2,1,1
466,2,3,2,2,1,3,2,1,3,3,3,2,1,3,2,1,0,1,0,0,1,3,2,2,2,1,3,2,1,2
467,2,1,0,1,1,0,3,2,1,1,2,0,1,1,2,2,1,1,0,0,1,2,1,1,2,0,3,1,2,0
468,0,2,0,1,0,0,0,0,0,2,1,1,2,3,0,1,0,0,0,0,1,1,1,3,0,0,1,1,1,1
469,0,3,2,2,3,3,3,2,2,2,3,2,2,3,3,2,3,2,2,2,1,3,3,3,2,2,1,3,3,3
470,0,2,0,1,0,3,0,2,2,2,2,1,1,1,0,2,0,2,0,1,1,2,1,3,2,0,2,0,2,0
471,2,1,0,1,0,3,3,1,2,1,1,1,0,1,1,0,0,0,1,0,1,1,1,1,0,2,2,0,1,2
472,0,3,0,1,2,2,2,1,2,2,0,2,1,3,1,3,0,2,1,0,3,0,2,1,0,1,2,1,3,2
473,0,1,1,1,1,1,1,0,0,2,0,1,0,3,2,1,2,2,0,2,2,2,1,2,0,1,1,0,1,1
474,1,1,2,3,3,1,3,3,2,3,1,1,0,3,2,2,2,3,2,1,3,3,2,3,2,3,2,1,3,2
475,1,2,2,1,0,1,0,1,0,0,3,0,2,1,2,1,0,1,0,0,1,2,2,1,0,2,1,2,0,1
476,1,1,2,1,1,2,2,0,0,3,0,1,2,3,0,1,0,2,2,2,3,0,3,2,0,1,1,1,1,1
477,1,2,1,0,1,1,0,1,0,1,3,2,1,3,2,2,0,2,1,0,2,1,1,1,0,2,1,1,0,2
478,1,1,1,3,2,1,3,2,3,1,0,3,3,3,1,0,0,2,2,2,2,3,0,3,2,2,2,3,2,2
479,0,2,0,2,1,1,1,0,2,2,0,1,2,3,2,0,0,0,1,1,0,2,1,1,2,0,0,1,2,1
480,0,1,1,2,2,2,3,1,2,0,3,1,2,3,2,0,2,2,0,2,3,1,2,3,2,1,3,2,1,1
481,2,3,2,3,2,1,1,2,2,2,0,2,1,1,1,3,0,2,2,1,3,0,2,3,3,3,2,1,3,3
482,0,3,3,1,2,2,2,1,1,1,3,2,1,3,0,2,0,0,2,1,2,3,0,1,1,2,1,2,1,3
483,0,3,0,3,1,1,2,2,0,2,0,2,1,3,2,2,0,3,2,2,3,0,2,2,1,3,3,0,1,2
484,0,1,0,1,1,0,1,1,1,1,0,1,1,3,0,1,0,0,1,0,1,3,0,2,0,0,1,2,1,1
485,0,2,1,1,0,1,0,1,0,1,3,0,0,2,1,0,0,0,0,1,1,0,0,1,2,0,0,0,0,0
486,2,0,2,3,2,0,2,1,3,3,1,2,1,3,0,0,0,2,0,1,1,1,2,1,0,2,1,1,2,3
487,3,1,0,2,0,1,2,0,1,0,0,2,0,3,0,1,0,0,0,0,1,2,0,2,0,0,1,0,1,1
488,0,3,2,3,2,3,1,2,2,3,2,1,3,2,2,3,0,3,1,1,3,2,1,1,1,2,1,3,3,1
489,3,3,3,3,2,3,2,2,2,3,1,3,1,3,3,2,1,1,2,3,3,1,3,2,1,3,0,3,3,2
490,0,1,2,3,2,1,3,1,1,1,3,1,0,3,2,2,0,2,1,0,2,2,3,2,1,2,1,2,1,2
491,3,2,1,3,1,1,3,2,2,2,2,3,2,3,3,3,0,2,2,2,3,0,3,1,2,2,1,1,2,2
492,1,1,1,2,0,1,0,0,0,1,3,1,0,3,0,1,0,0,0,1,1,3,1,1,0,1,2,1,1,1
493,2,3,3,3,3,1,3,3,3,2,0,2,2,3,1,3,2,3,2,3,3,2,3,3,2,3,3,3,2,3
494,2,1,0,2,0,1,1,2,2,1,0,1,1,3,1,2,0,3,1,0,3,0,2,1,0,1,1,1,2,1
495,0,2,1,3,1,2,3,2,1,2,0,3,2,3,3,2,2,2,2,2,3,3,2,3,1,3,2,1,2,2
496,0,1,3,2,2,2,2,2,1,3,3,3,3,3,1,3,0,2,0,2,3,3,2,2,2,2,2,3,3,1
497,3,2,3,1,1,1,1,2,0,2,3,3,2,3,2,2,0,1,2,1,1,3,1,1,2,1,2,3,1,2
498,3,1,1,2,0,2,0,1,1,1,1,1,2,3,0,1,0,1,1,1,2,0,1,2,0,0,1,0,1,0
499,2,0,1,2,0,1,3,0,2,3,0,1,1,1,0,1,0,1,1,1,1,0,3,2,2,1,2,0,1,0
500,0,1,2,1,2,3,0,1,0,2,1,0,1,2,2,1,2,2,0,1,1,2,1,1,0,1,0,3,1,2
